Class,Before1,Type,Correct,Time1,Mins,Seconds,Time2,Before2,Logic
1,Yes,Numbers,No,NA,NA,NA,NA,,
1,Yes,Greek,No,10:12,10,12,612,,
1,Yes,Greek,No,04:12,4,12,252,,
1,No,Letters,No,08:35,8,35,515,,
1,No,Letters,No,01:28,1,28,88,,
1,Yes,Symbols,No,09:00,9,0,540,,
1,No,Numbers,Yes,11:10,11,10,670,,
1,Yes,Letters,Yes,02:40,2,40,160,,
1,Yes,Symbols,Yes,06:45,6,45,405,,
1,No,Symbols,No,08:29,8,29,509,,
1,Yes,Symbols,Yes,06:01,6,1,361,,
1,Yes,Letters,Yes,01:30,1,30,90,,
1,Yes,Numbers,Yes,04:02,4,2,242,,
1,Yes,Symbols,Yes,06:28,6,28,388,,
1,Yes,Symbols,Yes,04:04,4,4,244,,
1,Yes,Symbols,Yes,07:41,7,41,461,,
1,No,Greek,No,NA,NA,NA,NA,,
1,No,Symbols,No,07:03,7,3,423,,
1,No,Greek,No,06:47,6,47,407,,
1,No,Greek,No,NA,NA,NA,NA,,
1,No,Numbers,No,05:30,5,30,330,,
1,No,Greek,Yes,05:07,5,7,307,,
1,Yes,Letters,Yes,01:11,1,11,71,,
1,No,Symbols,No,03:20,3,20,200,,
1,Yes,Numbers,Yes,00:39,0,39,39,,
1,Yes,Greek,Yes,02:13,2,13,133,,
1,Yes,Letters,Yes,01:22,1,22,82,,
1,No,Numbers,No,02:01,2,1,121,,
1,Yes,Symbols,Yes,02:06,2,6,126,,
1,No,Letters,Yes,07:30,7,30,450,,
1,No,Greek,No,07:12,7,12,432,,
1,Yes,Symbols,Yes,03:55,3,55,235,,
1,Yes,Letters,Yes,03:49,3,49,229,,
1,Yes,Letters,Yes,04:00,4,0,240,,
1,No,Numbers,Yes,04:53,4,53,293,,
1,No,Numbers,Yes,07:02,7,2,422,,
1,Yes,Numbers,Yes,02:40,2,40,160,,
1,Yes,Letters,Yes,03:40,3,40,220,,
1,Yes,Greek,Yes,07:25,7,25,445,,
1,Yes,Symbols,Yes,07:14,7,14,434,,
1,Yes,Numbers,No,02:06,2,6,126,,
1,No,Greek,No,05:40,5,40,340,,
1,Yes,Letters,Yes,01:36,1,36,96,,
1,No,Numbers,No,NA,NA,NA,NA,,
1,Yes,Numbers,Yes,03:19,3,19,199,,
1,No,Symbols,No,05:40,5,40,340,,
1,Yes,Greek,Yes,06:05,6,5,365,,
1,Yes,Symbols,Yes,03:09,3,9,189,,
1,Yes,Letters,Yes,01:15,1,15,75,,
1,No,Numbers,Yes,02:38,2,38,158,,
1,Yes,Greek,Yes,05:16,5,16,316,,
1,No,Symbols,No,02:00,2,0,120,,
1,No,Greek,No,NA,NA,NA,NA,,
1,Yes,Symbols,No,08:33,8,33,513,,
1,Yes,Greek,Yes,02:55,2,55,175,,
1,Yes,Numbers,Yes,02:52,2,52,172,,
1,Yes,Greek,Yes,05:29,5,29,329,,
1,Yes,Letters,Yes,02:59,2,59,179,,
1,No,Numbers,Yes,01:57,1,57,117,,
1,No,Symbols,Yes,03:17,3,17,197,,
1,No,Letters,No,01:57,1,57,117,,
1,Yes,Numbers,Yes,03:32,3,32,212,,
1,Yes,Symbols,Yes,01:18,1,18,78,,
1,No,Symbols,Yes,05:00,5,0,300,,
1,Yes,Letters,Yes,01:09,1,9,69,,
1,Yes,Symbols,Yes,02:15,2,15,135,,
1,No,Symbols,No,04:19,4,19,259,,
1,Yes,Greek,Yes,03:41,3,41,221,,
1,Yes,Numbers,Yes,01:29,1,29,89,,
1,Yes,Numbers,Yes,03:19,3,19,199,,
1,No,Letters,No,01:41,1,41,101,,
1,No,Symbols,Yes,03:45,3,45,225,,
1,Yes,Greek,Yes,02:06,2,6,126,,
1,Yes,Letters,Yes,01:52,1,52,112,,
1,Yes,Greek,Yes,03:11,3,11,191,,
1,Yes,Symbols,Yes,02:16,2,16,136,,
1,Yes,Numbers,Yes,00:54,0,54,54,,
1,Yes,Letters,Yes,01:12,1,12,72,,
1,No,Numbers,Yes,02:19,2,19,139,,
1,Yes,Greek,Yes,04:01,4,1,241,,
1,No,Symbols,Yes,03:18,3,18,198,,
1,No,Numbers,No,02:40,2,40,160,,
1,Yes,Greek,Yes,03:56,3,56,236,,
1,Yes,Letters,Yes,01:25,1,25,85,,
1,Yes,Greek,Yes,04:27,4,27,267,,
1,Yes,Symbols,Yes,03:51,3,51,231,,
1,Yes,Letters,Yes,03:59,3,59,239,,
1,Yes,Greek,Yes,05:07,5,7,307,,
1,Yes,Letters,Yes,04:01,4,1,241,,
1,No,Numbers,Yes,03:21,3,21,201,,
1,Yes,Letters,Yes,02:20,2,20,140,,
1,No,Letters,No,02:47,2,47,167,,
1,Yes,Symbols,Yes,03:05,3,5,185,,
1,Yes,Numbers,Yes,00:42,0,42,42,,
1,Yes,Greek,Yes,03:04,3,4,184,,
1,No,Symbols,No,NA,NA,NA,NA,,
1,No,Symbols,No,03:51,3,51,231,,
1,Yes,Letters,Yes,02:17,2,17,137,,
1,Yes,Greek,Yes,04:50,4,50,290,,
1,Yes,Letters,Yes,01:58,1,58,118,,
1,Yes,Numbers,Yes,04:21,4,21,261,,
1,No,Symbols,No,04:13,4,13,253,,
1,Yes,Symbols,Yes,04:17,4,17,257,,
1,Yes,Greek,Yes,01:47,1,47,107,,
1,Yes,Numbers,Yes,02:43,2,43,163,,
1,Yes,Letters,Yes,01:46,1,46,106,,
1,Yes,Numbers,Yes,01:48,1,48,108,,
1,Yes,Letters,Yes,02:32,2,32,152,,
1,Yes,Numbers,Yes,00:40,0,40,40,,
1,Yes,Symbols,Yes,01:10,1,10,70,,
1,Yes,Greek,Yes,02:15,2,15,135,,
1,No,Numbers,No,NA,NA,NA,NA,,
1,Yes,Symbols,Yes,03:27,3,27,207,,
1,Yes,Numbers,Yes,01:27,1,27,87,,
1,Yes,Greek,No,05:01,5,1,301,,
1,Yes,Numbers,Yes,01:10,1,10,70,,
1,Yes,Symbols,Yes,01:57,1,57,117,,
1,Yes,Letters,Yes,01:35,1,35,95,,
1,No,Greek,Yes,05:13,5,13,313,,
1,Yes,Letters,Yes,03:08,3,8,188,,
1,Yes,Symbols,Yes,02:11,2,11,131,,
1,No,Letters,Yes,03:47,3,47,227,,
1,NA,Greek,No,NA,NA,NA,NA,,
1,Yes,Symbols,Yes,01:37,1,37,97,,
1,Yes,Numbers,No,03:09,3,9,189,,
1,Yes,Letters,No,01:59,1,59,119,,
1,Yes,Symbols,Yes,01:39,1,39,99,,
1,No,Greek,No,03:33,3,33,213,,
1,Yes,Numbers,Yes,02:00,2,0,120,,
1,Yes,Numbers,Yes,00:43,0,43,43,,
1,Yes,Greek,Yes,02:26,2,26,146,,
1,Yes,Numbers,Yes,00:42,0,42,42,,
1,No,Numbers,No,01:20,1,20,80,,
1,No,Symbols,No,01:18,1,18,78,,
1,Yes,Letters,No,01:49,1,49,109,,
1,Yes,Letters,Yes,00:56,0,56,56,,
1,Yes,Greek,Yes,02:44,2,44,164,,
1,Yes,Symbols,No,03:43,3,43,223,,
1,Yes,Letters,Yes,01:28,1,28,88,,
1,No,Numbers,Yes,02:51,2,51,171,,
1,Yes,Symbols,Yes,02:24,2,24,144,,
1,Yes,Numbers,Yes,00:39,0,39,39,,
1,Yes,Letters,Yes,03:30,3,30,210,,
1,No,Numbers,Yes,04:34,4,34,274,,
1,Yes,Numbers,Yes,02:09,2,9,129,,
1,Yes,Letters,Yes,00:57,0,57,57,,
1,No,Letters,No,03:38,3,38,218,,
1,No,Symbols,Yes,01:55,1,55,115,,
1,Yes,Symbols,No,02:54,2,54,174,,
1,No,Greek,No,02:59,2,59,179,,
1,Yes,Letters,Yes,03:19,3,19,199,,
1,Yes,Numbers,Yes,00:44,0,44,44,,
1,Yes,Greek,Yes,04:19,4,19,259,,
1,Yes,Numbers,Yes,03:03,3,3,183,,
1,Yes,Symbols,Yes,03:14,3,14,194,,
1,Yes,Symbols,No,NA,NA,NA,NA,,
1,Yes,Letters,Yes,01:30,1,30,90,,
1,Yes,Greek,Yes,03:06,3,6,186,,
1,No,Letters,No,02:12,2,12,132,,
1,No,Numbers,Yes,01:19,1,19,79,,
1,Yes,Numbers,Yes,01:32,1,32,92,,
1,Yes,Letters,Yes,01:17,1,17,77,,
1,Yes,Letters,Yes,01:55,1,55,115,,
1,Yes,Greek,Yes,03:06,3,6,186,,
1,No,Greek,No,05:56,5,56,356,,
1,Yes,Numbers,Yes,01:07,1,7,67,,
1,Yes,Symbols,Yes,01:30,1,30,90,,
1,Yes,Symbols,Yes,01:40,1,40,100,,
1,Yes,Greek,Yes,01:44,1,44,104,,
2,Yes,Numbers,Yes,,5,29,329,,
2,Yes,Letters,Yes,,1,17,77,,
2,Yes,Numbers,Yes,,3,14,194,,
2,No,Greek,No,,NA,NA,NA,,
2,Yes,Symbols,Yes,,2,5,125,,
2,Yes,Greek,No,,NA,NA,NA,,
2,No,Symbols,Yes,,5,36,336,,
2,Yes,Symbols,Yes,,4,47,287,,
2,Yes,Letters,No,,NA,NA,NA,,
2,Yes,Symbols,Yes,,2,30,150,,
2,Yes,Numbers,No,,NA,NA,NA,,
2,Yes,Letters,Yes,,2,36,156,,
2,No,Greek,No,,NA,NA,NA,,
2,Yes,Numbers,Yes,,1,58,118,,
2,Yes,Symbols,Yes,,2,30,150,,
2,Yes,Greek,Yes,,3,46,226,,
2,Yes,Numbers,Yes,,2,8,128,,
2,No,Letters,No,,NA,NA,NA,,
2,Yes,Greek,Yes,,6,25,385,,
2,Yes,Letters,Yes,,1,55,115,,
2,Yes,Symbols,Yes,,1,29,89,,
2,Yes,Letters,Yes,,3,3,183,,
2,Yes,Symbols,Yes,,2,48,168,,
2,No,Greek,Yes,,7,16,436,,
2,Yes,Numbers,No,,NA,NA,NA,,
2,Yes,Symbols,Yes,,4,3,243,,
2,No,Symbols,No,,NA,NA,NA,,
2,No,Letters,Yes,,3,47,227,,
2,Yes,Numbers,Yes,,3,33,213,,
2,No,Symbols,No,,NA,NA,NA,,
2,No,Symbols,No,,NA,NA,NA,,
2,Yes,Numbers,No,,NA,NA,NA,,
2,No,Symbols,Yes,,6,44,404,,
2,Yes,Greek,Yes,,3,3,183,,
2,No,Letters,Yes,,4,15,255,,
2,No,Numbers,No,,NA,NA,NA,,
2,Yes,Symbols,Yes,,4,15,255,,
2,No,Letters,No,,NA,NA,NA,,
2,No,Numbers,Yes,,11,56,716,,
2,Yes,Letters,Yes,,2,5,125,,
2,No,Greek,No,,NA,NA,NA,,
2,No,Symbols,No,,NA,NA,NA,,
2,Yes,Letters,Yes,,5,31,331,,
2,Yes,Numbers,No,,NA,NA,NA,,
2,Yes,Numbers,Yes,,1,21,81,,
2,Yes,Symbols,No,,NA,NA,NA,,
2,No,Greek,Yes,,5,51,351,,
2,Yes,Letters,No,,NA,NA,NA,,
2,Yes,Greek,Yes,,3,44,224,,
2,Yes,Numbers,Yes,,1,48,108,,
2,Yes,Symbols,Yes,,3,9,189,,
2,No,Greek,No,,NA,NA,NA,,
2,Yes,Greek,Yes,,4,10,250,,
2,Yes,Symbols,Yes,,5,30,330,,
2,No,Numbers,Yes,,6,54,414,,
2,Yes,Symbols,Yes,,2,32,152,,
2,Yes,Letters,Yes,,1,36,96,,
2,Yes,Greek,Yes,,6,12,372,,
2,No,Greek,No,,NA,NA,NA,,
2,Yes,Greek,Yes,,3,59,239,,
2,No,Symbols,No,,NA,NA,NA,,
2,Yes,Greek,Yes,,3,10,190,,
2,Yes,Greek,Yes,,9,16,556,,
2,No,Symbols,No,,NA,NA,NA,,
2,No,Symbols,Yes,,11,4,664,,
2,No,Greek,Yes,,9,6,546,,
2,Yes,Greek,No,,NA,NA,NA,,
2,Yes,Letters,Yes,,1,33,93,,
2,No,Greek,Yes,,3,40,220,,
2,No,Letters,No,,NA,NA,NA,,
2,Yes,Symbols,Yes,,2,35,155,,
2,Yes,Numbers,Yes,,1,17,77,,
2,Yes,Numbers,Yes,,2,38,158,,
2,No,Symbols,No,,NA,NA,NA,,
2,Yes,Greek,Yes,,4,50,290,,
2,No,Numbers,Yes,,4,12,252,,
2,Yes,Letters,Yes,,1,35,95,,
2,Yes,Numbers,Yes,,2,46,166,,
2,No,Greek,Yes,,8,20,500,,
2,Yes,Symbols,Yes,,4,1,241,,
2,Yes,Letters,Yes,,1,17,77,,
2,Yes,Symbols,No,,NA,NA,NA,,
2,Yes,Symbols,Yes,,3,41,221,,
2,Yes,Symbols,Yes,,8,10,490,,
2,Yes,Symbols,Yes,,4,53,293,,
2,No,Greek,Yes,,7,7,427,,
2,Yes,Symbols,Yes,,2,9,129,,
2,Yes,Numbers,Yes,,1,39,99,,
2,No,Greek,No,,NA,NA,NA,,
2,No,Letters,No,,NA,NA,NA,,
2,No,Numbers,No,,NA,NA,NA,,
2,No,Numbers,Yes,,1,45,105,,
2,No,Letters,Yes,,5,40,340,,
2,Yes,Letters,Yes,,1,58,118,,
2,No,Letters,Yes,,4,18,258,,
2,Yes,Greek,Yes,,5,9,309,,
2,Yes,Letters,Yes,,1,39,99,,
2,No,Symbols,No,,NA,NA,NA,,
2,No,Numbers,No,,NA,NA,NA,,
2,No,Greek,No,,NA,NA,NA,,
2,No,Symbols,Yes,,NA,NA,NA,,
2,No,Greek,No,,NA,NA,NA,,
2,Yes,Numbers,Yes,,2,24,144,,
2,Yes,Letters,Yes,,1,45,105,,
2,Yes,Greek,Yes,,2,14,134,,
2,Yes,Letters,Yes,,1,37,97,,
2,Yes,Numbers,Yes,,1,15,75,,
2,Yes,Greek,Yes,,3,4,184,,
2,Yes,Letters,Yes,,6,13,373,,
2,Yes,Numbers,Yes,,1,8,68,,
2,No,Greek,No,,NA,NA,NA,,
2,Yes,Symbols,Yes,,1,33,93,,
2,Yes,Numbers,Yes,,1,36,96,,
2,Yes,Greek,Yes,,4,23,263,,
2,No,Symbols,Yes,,4,40,280,,
2,Yes,Greek,Yes,,2,56,176,,
2,No,Letters,Yes,,5,15,315,,
2,Yes,Symbols,Yes,,1,45,105,,
2,Yes,Numbers,Yes,,1,55,115,,
2,Yes,Greek,No,,NA,NA,NA,,
2,No,Letters,No,,NA,NA,NA,,
2,Yes,Numbers,Yes,,2,26,146,,
2,Yes,Numbers,Yes,,1,28,88,,
2,Yes,Symbols,Yes,,1,56,116,,
2,No,Greek,Yes,,5,10,310,,
2,Yes,Numbers,Yes,,4,8,248,,
2,Yes,Letters,Yes,,2,34,154,,
2,Yes,Letters,Yes,,3,26,206,,
2,No,Letters,Yes,,7,13,433,,
2,No,Greek,Yes,,5,27,327,,
2,Yes,Letters,Yes,,4,39,279,,
2,Yes,Greek,Yes,,5,22,322,,
2,Yes,Greek,Yes,,4,53,293,,
2,Yes,Letters,Yes,,2,4,124,,
2,Yes,Numbers,Yes,,1,32,92,,
2,No,Greek,No,,NA,NA,NA,,
2,Yes,Symbols,Yes,,3,15,195,,
2,No,Symbols,No,,NA,NA,NA,,
2,Yes,Letters,Yes,,2,34,154,,
2,Yes,Greek,Yes,,3,40,220,,
2,Yes,Numbers,Yes,,2,15,135,,
2,Yes,Greek,No,,NA,NA,NA,,
2,No,Letters,Yes,,5,16,316,,
2,Yes,Letters,Yes,,2,25,145,,
2,Yes,Letters,Yes,,2,19,139,,
2,Yes,Greek,Yes,,4,1,241,,
2,Yes,Numbers,Yes,,1,1,61,,
2,Yes,Numbers,Yes,,2,27,147,,
2,Yes,Letters,Yes,,2,19,139,,
2,Yes,Symbols,Yes,,2,17,137,,
2,Yes,Numbers,Yes,,1,1,61,,
2,Yes,Letters,Yes,,1,8,68,,
2,Yes,Greek,Yes,,2,2,122,,
2,Yes,Greek,No,,NA,NA,NA,,
2,Yes,Symbols,Yes,,1,35,95,,
2,Yes,Numbers,Yes,,1,58,118,,
2,No,Greek,Yes,,6,23,383,,
2,Yes,Letters,Yes,,5,58,358,,
2,Yes,Symbols,Yes,,2,47,167,,
2,Yes,Symbols,Yes,,1,23,83,,
2,Yes,Greek,Yes,,2,3,123,,
2,Yes,Numbers,Yes,,0,52,52,,
2,Yes,Letters,Yes,,2,48,168,,
2,Yes,Symbols,Yes,,2,5,125,,
2,Yes,Symbols,Yes,,4,0,240,,
2,Yes,Letters,Yes,,2,34,154,,
2,Yes,Numbers,Yes,,2,24,144,,
2,Yes,Numbers,Yes,,2,54,174,,
2,Yes,Letters,Yes,,2,51,171,,
2,Yes,Letters,Yes,,1,32,92,,
2,Yes,Numbers,Yes,,4,9,249,,
2,No,Symbols,Yes,,3,21,201,,
2,Yes,Symbols,Yes,,4,0,240,,
2,No,Numbers,Yes,,4,58,298,,
2,Yes,Greek,Yes,,2,17,137,,
2,No,Greek,Yes,,4,39,279,,
2,Yes,Letters,Yes,,1,53,113,,
2,Yes,Numbers,Yes,,1,57,117,,
2,Yes,Numbers,Yes,,1,0,60,,
2,Yes,Greek,No,,NA,NA,NA,,
2,Yes,Letters,Yes,,0,49,49,,
2,No,Greek,No,,NA,NA,NA,,
2,Yes,Symbols,Yes,,1,38,98,,
2,Yes,Numbers,Yes,,0,52,52,,
2,Yes,Symbols,Yes,,1,47,107,,
2,Yes,Letters,Yes,,1,26,86,,
2,No,Greek,Yes,,5,53,353,,
2,Yes,Symbols,Yes,,4,30,270,,
2,Yes,Symbols,Yes,,2,49,169,,
2,Yes,Symbols,Yes,,1,51,111,,
2,Yes,Symbols,Yes,,2,11,131,,
2,Yes,Symbols,Yes,,2,18,138,,
2,Yes,Numbers,Yes,,4,47,287,,
2,Yes,Greek,Yes,,2,42,162,,
2,Yes,Letters,Yes,,2,50,170,,
2,Yes,Letters,Yes,,3,0,180,,
2,Yes,Greek,Yes,,2,33,153,,
2,No,Letters,Yes,,5,7,307,,
2,Yes,Symbols,Yes,,3,7,187,,
2,Yes,Numbers,Yes,,3,8,188,,
2,Yes,Numbers,Yes,,1,30,90,,
2,No,Numbers,No,,NA,NA,NA,,
2,Yes,Numbers,Yes,,1,6,66,,
2,Yes,Letters,Yes,,1,26,86,,
2,Yes,Letters,Yes,,1,48,108,,
2,Yes,Symbols,Yes,,2,17,137,,
2,No,Numbers,Yes,,2,53,173,,
2,Yes,Letters,Yes,,1,56,116,,
2,Yes,Symbols,Yes,,3,45,225,,
2,Yes,Symbols,Yes,,1,49,109,,
2,Yes,Numbers,Yes,,1,18,78,,
2,No,Symbols,No,,NA,NA,NA,,
2,Yes,Numbers,Yes,,3,35,215,,
2,Yes,Letters,Yes,,1,44,104,,
2,Yes,Greek,Yes,,2,21,141,,
2,Yes,Letters,Yes,,1,38,98,,
2,Yes,Greek,Yes,,2,20,140,,
2,Yes,Symbols,Yes,,2,30,150,,
2,Yes,Numbers,Yes,,1,52,112,,
2,Yes,Numbers,Yes,,2,46,166,,
2,Yes,Letters,Yes,,4,3,243,,
2,Yes,Numbers,Yes,,1,36,96,,
2,Yes,Greek,Yes,,3,44,224,,
2,Yes,Numbers,Yes,,2,9,129,,
2,Yes,Letters,Yes,,2,23,143,,
2,Yes,Symbols,Yes,,2,8,128,,
2,Yes,Numbers,Yes,,1,8,68,,
2,Yes,Symbols,Yes,,1,49,109,,
2,Yes,Letters,Yes,,1,35,95,,
2,Yes,Letters,Yes,,2,56,176,,
2,Yes,Symbols,Yes,,1,57,117,,
2,Yes,Numbers,Yes,,1,21,81,,
2,Yes,Numbers,No,,NA,NA,NA,,
2,Yes,Letters,Yes,,1,15,75,,
2,Yes,Numbers,Yes,,1,30,90,,
2,Yes,Symbols,Yes,,2,23,143,,
2,Yes,Letters,Yes,,1,26,86,,
2,Yes,Symbols,Yes,,2,58,178,,
2,Yes,Numbers,Yes,,1,8,68,,
2,Yes,Greek,Yes,,2,40,160,,
2,Yes,Symbols,Yes,,3,3,183,,
2,Yes,Letters,Yes,,2,2,122,,
2,Yes,Numbers,Yes,,1,34,94,,
2,Yes,Numbers,Yes,,1,24,84,,
2,Yes,Letters,No,,NA,NA,NA,,
2,No,Greek,No,,NA,NA,NA,,
2,Yes,Symbols,Yes,,1,24,84,,
2,Yes,Symbols,Yes,,2,15,135,,
2,Yes,Greek,Yes,,2,27,147,,
2,Yes,Numbers,Yes,,1,33,93,,
2,Yes,Greek,Yes,,2,13,133,,
2,Yes,Numbers,Yes,,2,32,152,,
2,Yes,Greek,Yes,,1,52,112,,
2,Yes,Numbers,Yes,,1,58,118,,
2,Yes,Greek,No,,NA,NA,NA,,
2,Yes,Numbers,Yes,,1,53,113,,
2,Yes,Letters,Yes,,0,55,55,,
3,Yes,Greek,Yes,,4,5,245,,
3,No,Symbols,No,,NA,NA,NA,,
3,No,Letters,No,,NA,NA,NA,,
3,No,Greek,Yes,,11,59,719,,
3,No,Letters,No,,NA,NA,NA,,
3,No,Greek,Yes,,8,58,538,,
3,No,Numbers,No,,NA,NA,NA,,
3,No,Greek,No,,NA,NA,NA,,
3,No,Greek,Yes,,10,38,638,,
3,No,Numbers,Yes,,9,9,549,,
3,No,Letters,Yes,,3,5,185,,
3,Yes,Greek,No,,NA,NA,NA,,
3,Yes,Numbers,No,,NA,NA,NA,,
3,No,Symbols,Yes,,3,33,213,,
3,Yes,Letters,No,,NA,NA,NA,,
3,No,Symbols,No,,NA,NA,NA,,
3,No,Greek,Yes,,9,7,547,,
3,Yes,Numbers,Yes,,2,5,125,,
3,Yes,Letters,Yes,,2,29,149,,
3,Yes,Symbols,Yes,,1,24,84,,
3,Yes,Greek,Yes,,4,51,291,,
3,Yes,Symbols,Yes,,2,55,175,,
3,Yes,Numbers,Yes,,1,25,85,,
3,No,Numbers,No,,NA,NA,NA,,
3,Yes,Numbers,Yes,,1,35,95,,
3,Yes,Greek,No,,NA,NA,NA,,
3,Yes,Greek,Yes,,8,57,537,,
3,No,Symbols,Yes,,7,58,478,,
3,No,Numbers,Yes,,3,21,201,,
3,Yes,Greek,Yes,,6,14,374,,
3,Yes,Greek,Yes,,3,50,230,,
3,No,Letters,Yes,,3,33,213,,
3,No,Greek,No,,NA,NA,NA,,
3,No,Greek,No,,NA,NA,NA,,
3,Yes,Greek,Yes,,4,1,241,,
3,Yes,Numbers,Yes,,1,24,84,,
3,Yes,Letters,Yes,,2,14,134,,
3,No,Symbols,No,,NA,NA,NA,,
3,Yes,Numbers,Yes,,0,54,54,,
3,Yes,Symbols,Yes,,2,30,150,,
3,No,Letters,Yes,,4,40,280,,
3,Yes,Letters,Yes,,2,43,163,,
3,No,Numbers,No,,NA,NA,NA,,
3,Yes,Letters,Yes,,3,28,208,,
3,Yes,Numbers,Yes,,0,56,56,,
3,Yes,Greek,Yes,,2,10,130,,
3,Yes,Numbers,Yes,,2,57,177,,
3,Yes,Symbols,Yes,,1,32,92,,
3,Yes,Letters,Yes,,2,56,176,,
3,Yes,Numbers,Yes,,1,46,106,,
3,Yes,Greek,Yes,,2,30,150,,
3,Yes,Letters,Yes,,3,25,205,,
3,Yes,Symbols,Yes,,5,20,320,,
3,Yes,Greek,Yes,,5,22,322,,
3,Yes,Numbers,Yes,,2,9,129,,
3,Yes,Symbols,Yes,,3,38,218,,
3,Yes,Letters,Yes,,0,58,58,,
3,Yes,Greek,Yes,,3,53,233,,
3,Yes,Letters,Yes,,5,37,337,,
3,No,Symbols,Yes,,6,5,365,,
3,Yes,Symbols,Yes,,6,15,375,,
3,Yes,Letters,Yes,,3,16,196,,
3,Yes,Numbers,Yes,,2,55,175,,
3,Yes,Symbols,Yes,,2,36,156,,
3,Yes,Symbols,Yes,,3,58,238,,
3,Yes,Letters,Yes,,2,18,138,,
3,Yes,Numbers,Yes,,2,8,128,,
3,Yes,Greek,Yes,,1,54,114,,
3,Yes,Letters,Yes,,5,39,339,,
3,Yes,Symbols,Yes,,2,7,127,,
3,Yes,Greek,Yes,,4,36,276,,
3,Yes,Greek,Yes,,5,52,352,,
3,Yes,Numbers,Yes,,1,5,65,,
3,Yes,Symbols,No,,NA,NA,NA,,
3,Yes,Numbers,Yes,,2,10,130,,
3,Yes,Symbols,Yes,,3,48,228,,
3,No,Symbols,Yes,,6,40,400,,
3,No,Numbers,Yes,,7,6,426,,
3,Yes,Letters,No,,NA,NA,NA,,
3,Yes,Letters,Yes,,4,37,277,,
3,No,Numbers,Yes,,6,19,379,,
3,Yes,Symbols,Yes,,2,52,172,,
3,Yes,Letters,Yes,,2,52,172,,
3,No,Numbers,No,,NA,NA,NA,,
3,Yes,Numbers,Yes,,1,52,112,,
3,Yes,Letters,Yes,,1,33,93,,
3,Yes,Greek,Yes,,3,23,203,,
3,Yes,Greek,Yes,,4,28,268,,
3,Yes,Numbers,Yes,,0,52,52,,
3,Yes,Symbols,Yes,,3,41,221,,
3,Yes,Letters,Yes,,1,4,64,,
3,Yes,Symbols,Yes,,4,2,242,,
3,Yes,Letters,Yes,,4,35,275,,
3,Yes,Symbols,Yes,,3,55,235,,
3,Yes,Greek,Yes,,3,16,196,,
3,Yes,Greek,Yes,,3,15,195,,
3,Yes,Numbers,Yes,,1,36,96,,
3,Yes,Numbers,Yes,,2,0,120,,
3,Yes,Letters,Yes,,1,27,87,,
3,Yes,Letters,Yes,,1,41,101,,
3,Yes,Symbols,Yes,,1,28,88,,
3,Yes,Numbers,Yes,,2,32,152,,
3,Yes,Greek,Yes,,3,49,229,,
3,Yes,Symbols,Yes,,3,5,185,,
3,Yes,Numbers,No,,NA,NA,NA,,
3,No,Greek,No,,NA,NA,NA,,
3,No,Greek,No,,NA,NA,NA,,
3,Yes,Greek,Yes,,2,20,140,,
3,Yes,Symbols,Yes,,2,20,140,,
3,Yes,Numbers,Yes,,3,35,215,,
3,Yes,Greek,Yes,,5,7,307,,
3,Yes,Greek,Yes,,2,23,143,,
3,Yes,Letters,Yes,,2,53,173,,
3,Yes,Symbols,Yes,,3,24,204,,
3,Yes,Letters,Yes,,4,21,261,,
3,Yes,Numbers,Yes,,1,56,116,,
3,Yes,Greek,Yes,,3,2,182,,
3,Yes,Symbols,Yes,,1,35,95,,
3,Yes,Numbers,Yes,,0,41,41,,
3,Yes,Greek,Yes,,3,33,213,,
3,No,Symbols,Yes,,4,21,261,,
3,Yes,Numbers,Yes,,1,45,105,,
3,Yes,Symbols,Yes,,1,21,81,,
3,Yes,Letters,Yes,,2,11,131,,
3,Yes,Numbers,Yes,,1,31,91,,
3,No,Greek,Yes,,6,0,360,,
3,Yes,Symbols,Yes,,4,50,290,,
3,Yes,Letters,Yes,,3,30,210,,
3,Yes,Symbols,Yes,,4,39,279,,
3,Yes,Symbols,Yes,,1,53,113,,
3,Yes,Letters,Yes,,0,58,58,,
3,Yes,Symbols,Yes,,2,52,172,,
3,Yes,Greek,Yes,,3,57,237,,
3,Yes,Letters,Yes,,2,5,125,,
3,Yes,Letters,Yes,,2,20,140,,
3,Yes,Greek,Yes,,4,55,295,,
3,Yes,Numbers,Yes,,1,1,61,,
3,Yes,Letters,Yes,,2,5,125,,
3,Yes,Greek,No,,NA,NA,NA,,
3,Yes,Symbols,Yes,,3,28,208,,
3,Yes,Greek,Yes,,2,40,160,,
3,Yes,Letters,Yes,,1,25,85,,
3,Yes,Letters,Yes,,1,1,61,,
3,No,Numbers,Yes,,3,41,221,,
3,No,Letters,No,,NA,NA,NA,,
3,Yes,Numbers,Yes,,1,11,71,,
3,Yes,Numbers,Yes,,3,20,200,,
3,Yes,Symbols,Yes,,1,52,112,,
3,Yes,Letters,Yes,,1,2,62,,
3,Yes,Greek,Yes,,4,17,257,,
3,Yes,Numbers,Yes,,3,15,195,,
3,Yes,Letters,Yes,,3,26,206,,
3,Yes,Symbols,Yes,,3,28,208,,
3,No,Letters,No,,NA,NA,NA,,
3,No,Numbers,No,,NA,NA,NA,,
3,No,Letters,Yes,,2,22,142,,
3,Yes,Symbols,Yes,,3,7,187,,
3,Yes,Numbers,Yes,,2,7,127,,
3,Yes,Numbers,Yes,,1,41,101,,
3,Yes,Greek,Yes,,4,0,240,,
3,Yes,Symbols,Yes,,2,24,144,,
3,No,Greek,No,,NA,NA,NA,,
4,,Letters,Yes,,1,15,75,Within_3,Yes
4,,Symbols,No,,5,50,350,No,Indifferent
4,,Numbers,Yes,,0,56,56,Within_3,Yes
4,,Greek,Yes,,3,31,211,Within_3,Yes
4,,Symbols,Yes,,4,38,278,No,No
4,,Numbers,Yes,,3,50,230,Out_3,Yes
4,,Symbols,Yes,,5,8,308,No,Yes
4,,Letters,Yes,,4,15,255,Out_3,No
4,,Greek,Yes,,5,8,308,Within_3,Yes
4,,Greek,Yes,,5,0,300,No,Indifferent
4,,Symbols,No,,7,0,420,No,Indifferent
4,,Letters,Yes,,3,22,202,Out_3,Yes
4,,Letters,Yes,,3,19,199,No,Yes
4,,Letters,Yes,,1,31,91,Within_3,Yes
4,,Symbols,Yes,,3,42,222,Within_3,Yes
4,,Symbols,Yes,,1,22,82,Within_3,Yes
4,,Symbols,Yes,,4,2,242,No,Yes
4,,Letters,No,,3,7,187,No,No
4,,Letters,No,,5,6,306,No,Indifferent
4,,Symbols,Yes,,3,55,235,Out_3,Yes
4,,Greek,Yes,,4,2,242,Out_3,Yes
4,,Letters,No,,3,0,180,No,No
4,,Symbols,Yes,,4,48,288,No,Indifferent
4,,Symbols,Yes,,5,15,315,Out_3,Yes
4,,Greek,Yes,,4,7,247,Within_3,Yes
4,,Letters,Yes,,3,39,219,No,No
4,,Greek,Yes,,4,40,280,Within_3,Indifferent
4,,Numbers,Yes,,1,54,114,No,Yes
4,,Greek,Yes,,1,43,103,Out_3,Indifferent
4,,Greek,Yes,,5,1,301,No,Indifferent
4,,Greek,Yes,,1,52,112,Within_3,Indifferent
4,,Numbers,Yes,,0,33,33,Out_3,Yes
4,,Letters,Yes,,2,23,143,Within_3,Yes
4,,Numbers,Yes,,1,41,101,Within_3,Yes
4,,Greek,Yes,,2,0,120,Within_3,Yes
4,,Letters,Yes,,3,11,191,No,Yes
4,,Symbols,Yes,,4,6,246,Out_3,Yes
4,,Letters,Yes,,0,57,57,Within_3,Yes
4,,Greek,Yes,,3,53,233,Within_3,Yes
4,,Numbers,Yes,,1,32,92,Out_3,No
4,,Numbers,Yes,,2,5,125,Out_3,Yes
4,,Numbers,Yes,,1,10,70,Within_3,Yes
4,,Letters,Yes,,2,13,133,Out_3,No
4,,Greek,Yes,,3,27,207,Out_3,Indifferent
4,,Numbers,Yes,,2,33,153,Out_3,Indifferent
4,,Letters,Yes,,0,59,59,Within_3,Yes
4,,Symbols,Yes,,3,1,181,Out_3,Indifferent
4,,Symbols,No,,NA,NA,NA,NA,NA
4,,Letters,Yes,,1,17,77,Within_3,Yes
4,,Letters,Yes,,2,20,140,Out_3,Indifferent
4,,Numbers,Yes,,2,55,175,Out_3,Indifferent
4,,Symbols,Yes,,3,53,233,Out_3,Yes
4,,Letters,Yes,,1,33,93,Out_3,Indifferent
4,,Numbers,Yes,,1,9,69,Within_3,Yes
4,,Greek,Yes,,5,23,323,Out_3,Yes
4,,Numbers,No,,5,2,302,No,No
4,,Greek,Yes,,3,44,224,Out_3,Yes
4,,Letters,Yes,,2,25,145,Out_3,Yes
4,,Greek,Yes,,2,21,141,Within_3,Yes
4,,Numbers,Yes,,1,2,62,Within_3,Yes
4,,Symbols,Yes,,3,12,192,Out_3,Yes
4,,Symbols,Yes,,2,6,126,Within_3,Yes
4,,Letters,Yes,,1,16,76,Within_3,Yes
4,,Letters,Yes,,1,11,71,Within_3,Yes
4,,Numbers,Yes,,1,21,81,Out_3,Indifferent
4,,Numbers,Yes,,1,40,100,Within_3,Yes
4,,Greek,Yes,,2,0,120,Within_3,Indifferent
4,,Numbers,Yes,,1,27,87,Within_3,Yes
4,,Symbols,Yes,,2,10,130,Within_3,Yes
4,,Numbers,Yes,,1,49,109,Out_3,Yes
4,,Numbers,Yes,,1,21,81,Out_3,Indifferent
4,,Letters,Yes,,1,44,104,Out_3,Indifferent
4,,Letters,Yes,,4,1,241,No,No
4,,Greek,Yes,,2,11,131,Out_3,Indifferent
4,,Numbers,Yes,,0,59,59,Out_3,Indifferent
4,,Letters,Yes,,1,56,116,Out_3,Yes
4,,Symbols,Yes,,3,31,211,No,Indifferent
4,,Greek,Yes,,1,59,119,Within_3,Yes
4,,Symbols,Yes,,2,10,130,Within_3,Indifferent
4,,Numbers,Yes,,0,34,34,Within_3,Yes
4,,Greek,Yes,,3,5,185,Within_3,Yes
4,,Numbers,Yes,,1,50,110,Within_3,Yes
4,,Numbers,Yes,,1,21,81,Within_3,Yes
4,,Greek,Yes,,2,37,157,Within_3,Yes
4,,Letters,Yes,,2,36,156,Out_3,Yes
4,,Letters,Yes,,4,7,247,Out_3,Indifferent
4,,Greek,Yes,,3,22,202,Within_3,Indifferent
4,,Greek,Yes,,3,9,189,Out_3,Indifferent
4,,Numbers,Yes,,1,48,108,Within_3,Yes
4,,Numbers,Yes,,2,47,167,Out_3,Yes
4,,Symbols,No,,2,1,121,No,No
4,,Greek,Yes,,2,40,160,Within_3,Yes
4,,Greek,Yes,,2,25,145,Within_3,Yes
4,,Numbers,Yes,,1,31,91,Within_3,Indifferent
4,,Letters,Yes,,3,35,215,Within_3,Indifferent
4,,Letters,Yes,,1,30,90,Within_3,Yes
4,,Symbols,Yes,,3,19,199,Out_3,Indifferent
4,,Numbers,Yes,,1,13,73,Within_3,Yes
4,,Letters,Yes,,1,25,85,Within_3,Yes
4,,Numbers,Yes,,1,13,73,Within_3,Yes
4,,Greek,Yes,,2,25,145,Within_3,Yes
4,,Greek,Yes,,1,42,102,Within_3,Yes
4,,Numbers,Yes,,0,55,55,Within_3,Indifferent
4,,Symbols,Yes,,1,21,81,Within_3,Yes
4,,Symbols,Yes,,2,51,171,Within_3,Yes
4,,Letters,Yes,,1,18,78,Within_3,Yes
4,,Numbers,Yes,,1,40,100,Out_3,Yes
4,,Symbols,Yes,,3,18,198,Within_3,Yes
4,,Numbers,No,,2,25,145,Out_3,Indifferent
4,,Letters,Yes,,2,14,134,Out_3,Yes
4,,Greek,Yes,,4,2,242,Out_3,Yes
4,,Greek,Yes,,1,23,83,Within_3,Yes
4,,Numbers,Yes,,2,56,176,Out_3,Yes
4,,Greek,Yes,,1,34,94,Out_3,Yes
4,,Numbers,Yes,,2,13,133,Out_3,Indifferent
4,,Letters,Yes,,2,8,128,Out_3,Yes
4,,Letters,Yes,,1,21,81,Out_3,Yes
4,,Letters,No,,2,40,160,No,Yes
4,,Letters,Yes,,1,41,101,Within_3,Yes
4,,Letters,No,,1,55,115,Out_3,Yes
4,,Symbols,Yes,,2,6,126,Out_3,Yes
4,,Numbers,Yes,,1,19,79,Within_3,Yes
4,,Numbers,No,,4,58,298,No,Indifferent
4,,Symbols,Yes,,2,42,162,Out_3,Indifferent
4,,Greek,Yes,,2,3,123,Within_3,Yes
4,,Symbols,Yes,,2,40,160,Within_3,Yes
4,,Greek,No,,NA,NA,NA,No,No
4,,Letters,Yes,,4,46,286,No,Indifferent
4,,Greek,Yes,,1,40,100,Within_3,Yes
4,,Symbols,Yes,,2,15,135,Within_3,Yes
4,,Letters,Yes,,1,11,71,Within_3,Yes
4,,Numbers,Yes,,1,36,96,Within_3,Yes
4,,Greek,Yes,,3,11,191,Within_3,Yes
4,,Numbers,Yes,,1,54,114,Out_3,Indifferent
4,,Symbols,Yes,,2,0,120,Within_3,Yes
4,,Letters,Yes,,6,20,380,Out_3,Indifferent
4,,Symbols,Yes,,2,36,156,Within_3,Yes
4,,Greek,Yes,,6,12,372,Out_3,Indifferent
4,,Greek,Yes,,4,24,264,Out_3,Yes
4,,Letters,Yes,,2,1,121,Within_3,Yes
4,,Symbols,Yes,,3,6,186,Within_3,Indifferent
4,,Greek,Yes,,4,30,270,Within_3,Yes
4,,Numbers,Yes,,2,29,149,Out_3,Yes
4,,Greek,Yes,,1,49,109,Within_3,Yes
4,,Symbols,Yes,,2,19,139,Out_3,Yes
4,,Letters,Yes,,3,6,186,No,Indifferent
4,,Greek,Yes,,6,44,404,Out_3,Yes
4,,Numbers,No,,3,2,182,No,Indifferent
4,,Letters,Yes,,2,27,147,Within_3,Yes
4,,Greek,Yes,,2,32,152,Within_3,Yes
4,,Symbols,No,,2,52,172,Within_3,Yes
4,,Symbols,Yes,,2,20,140,Within_3,Yes
4,,Letters,Yes,,2,25,145,Out_3,Yes
4,,Numbers,Yes,,2,6,126,Within_3,Yes
4,,Greek,Yes,,2,56,176,Out_3,Yes
4,,Letters,Yes,,1,13,73,Within_3,Indifferent
4,,Greek,Yes,,2,53,173,Within_3,Yes
4,,Numbers,Yes,,1,24,84,Out_3,Yes
4,,Numbers,Yes,,2,49,169,NA,NA
4,,Symbols,No,,8,39,519,No,Indifferent
4,,Letters,Yes,,3,5,185,Within_3,Yes
4,,Letters,Yes,,2,10,130,Within_3,Yes
4,,Greek,No,,4,2,242,Out_3,No
4,,Letters,Yes,,3,21,201,No,Yes
4,,Symbols,Yes,,2,33,153,Within_3,Yes
4,,Greek,Yes,,3,45,225,Out_3,Indifferent
4,,Symbols,Yes,,1,40,100,Within_3,Yes
4,,Letters,Yes,,5,16,316,Out_3,No
4,,Symbols,Yes,,2,25,145,Within_3,Yes
4,,Greek,Yes,,2,19,139,Within_3,Yes
4,,Numbers,Yes,,0,58,58,Within_3,Indifferent
4,,Symbols,Yes,,4,40,280,Within_3,Indifferent
4,,Greek,Yes,,4,9,249,Within_3,Yes
4,,Numbers,Yes,,1,31,91,Within_3,Yes
4,,Numbers,No,,8,40,520,No,Indifferent
4,,Greek,No,,6,33,393,Out_3,Yes
4,,Symbols,No,,6,55,415,No,No
4,,Numbers,Yes,,2,44,164,Out_3,Yes
4,,Symbols,Yes,,4,17,257,Within_3,Yes
4,,Greek,Yes,,2,0,120,Out_3,Yes
4,,Numbers,No,,3,39,219,No,Yes
4,,Symbols,Yes,,4,29,269,Out_3,Indifferent
4,,Greek,Yes,,2,4,124,Within_3,Yes
4,,Numbers,Yes,,1,6,66,Out_3,Yes
4,,Letters,Yes,,6,58,418,Out_3,Indifferent
4,,Symbols,No,,3,33,213,Out_3,Indifferent
4,,Symbols,Yes,,8,0,480,No,No
4,,Symbols,Yes,,7,3,423,Out_3,Indifferent
4,,Letters,No,,4,13,253,No,Yes
4,,Greek,No,,6,1,361,NA,NA
4,,Numbers,Yes,,3,40,220,Out_3,Indifferent
4,,Letters,Yes,,1,4,64,Within_3,Yes
4,,Symbols,Yes,,7,22,442,No,Indifferent
4,,Greek,No,,7,21,441,Out_3,Indifferent
4,,Numbers,Yes,,1,38,98,Out_3,Yes
4,,Greek,Yes,,3,56,236,Out_3,Indifferent
4,,Symbols,Yes,,4,11,251,Out_3,Yes
4,,Letters,Yes,,1,15,75,Out_3,Yes
4,,Numbers,Yes,,7,10,430,No,Indifferent
4,,Letters,No,,NA,NA,NA,Out_3,No
4,,Greek,Yes,,1,56,116,Out_3,Yes
4,,Numbers,Yes,,2,7,127,Out_3,Indifferent
4,,Greek,Yes,,7,38,458,No,Indifferent
4,,Greek,Yes,,2,15,135,Out_3,Indifferent
4,,Symbols,Yes,,2,46,166,Within_3,No
4,,Symbols,Yes,,4,2,242,Out_3,Yes
4,,Symbols,Yes,,6,40,400,Out_3,Yes
4,,Letters,Yes,,1,59,119,Within_3,Yes
4,,Greek,No,,7,,420,No,Indifferent
4,,Letters,Yes,,5,2,302,Out_3,Yes
4,,Symbols,Yes,,5,29,329,Out_3,No
4,,Symbols,Yes,,7,17,437,Out_3,Indifferent
4,,Greek,Yes,,6,7,367,Within_3,Indifferent
4,,Symbols,Yes,,3,19,199,Within_3,Indifferent
4,,Letters,Yes,,0,45,45,Within_3,Yes
4,,Greek,Yes,,5,32,332,Out_3,Yes
4,,Numbers,No,,2,16,136,No,Yes
4,,Letters,No,,5,0,300,Out_3,Indifferent
4,,Numbers,Yes,,1,47,107,Out_3,Indifferent
4,,Greek,Yes,,6,29,389,No,Indifferent
4,,Numbers,Yes,,5,2,302,Out_3,No
4,,Numbers,No,,5,54,354,No,No
4,,Symbols,Yes,,6,33,393,No,Indifferent
4,,Greek,No,,8,0,480,No,Indifferent
4,,Numbers,No,,5,38,338,No,Indifferent
4,,Symbols,Yes,,5,11,311,Out_3,Yes
4,,Letters,Yes,,1,44,104,Out_3,Yes
4,,Symbols,No,,2,2,122,Out_3,Yes
4,,Greek,No,,6,50,410,Out_3,Yes
4,,Greek,Yes,,5,1,301,NA,NA
4,,Letters,Yes,,1,52,112,Out_3,Yes
4,,Numbers,Yes,,1,50,110,Out_3,Yes
4,,Symbols,Yes,,3,57,237,Out_3,Indifferent
4,,Greek,Yes,,3,36,216,Out_3,Indifferent
4,,Symbols,Yes,,1,58,118,Within_3,Yes
4,,Letters,Yes,,1,11,71,Within_3,Yes
4,,Numbers,Yes,,1,17,77,Within_3,Yes
4,,Numbers,Yes,,2,44,164,Out_3,Yes
4,,Greek,Yes,,6,30,390,No,Yes
4,,Numbers,Yes,,4,43,283,Out_3,Yes
4,,Letters,Yes,,2,21,141,No,No
4,,Greek,Yes,,2,48,168,Out_3,Yes
4,,Symbols,Yes,,10,6,606,No,Yes
4,,Symbols,No,,7,59,479,No,No
4,,Letters,No,,8,36,516,No,No
4,,Symbols,Yes,,3,21,201,Out_3,Yes
4,,Letters,Yes,,2,7,127,Within_3,Yes
4,,Letters,No,,9,5,545,No,Indifferent
4,,Symbols,No,,8,47,527,No,Indifferent
4,,Letters,Yes,,9,9,549,No,Indifferent
4,,Numbers,Yes,,3,1,181,Out_3,Yes
4,,Greek,Yes,,2,15,135,Within_3,Yes
4,,Symbols,No,,6,12,372,No,Indifferent
4,,Numbers,Yes,,4,55,295,Out_3,Indifferent
4,,Symbols,Yes,,5,24,324,Out_3,Indifferent
4,,Letters,Yes,,3,55,235,Out_3,No
4,,Greek,Yes,,8,9,489,No,Yes
4,,Greek,No,,8,21,501,No,Yes
4,,Numbers,Yes,,7,0,420,No,No
4,,Letters,Yes,,1,19,79,Within_3,Yes
4,,Letters,No,,8,47,527,Out_3,Indifferent
4,,Greek,No,,8,6,486,Out_3,Indifferent
4,,Numbers,Yes,,3,53,233,No,Yes
4,,Greek,No,,6,23,383,No,Yes
4,,Numbers,Yes,,2,30,150,Out_3,Indifferent
4,,Greek,No,,3,4,184,Out_3,Indifferent
4,,Letters,No,,9,2,542,No,Yes
4,,Symbols,Yes,,4,28,268,No,No
4,,Letters,Yes,,1,29,89,Within_3,Yes
4,,Greek,Yes,,5,39,339,Out_3,Indifferent
4,,Symbols,Yes,,2,23,143,Out_3,Yes
4,,Letters,Yes,,3,32,212,Out_3,Yes
4,,Numbers,Yes,,3,5,185,Out_3,Indifferent
4,,Greek,No,,9,8,548,No,Indifferent
4,,Greek,No,,8,5,485,No,No
4,,Symbols,Yes,,2,41,161,No,No
4,,Numbers,No,,2,41,161,No,Yes
4,,Letters,Yes,,2,51,171,Out_3,Indifferent
5,,Greek,No,,8,22,502,Out_3,Yes
5,,Greek,No,,.,.,.,No,Indifferent
5,,Symbols,Yes,,9,43,583,Out_3,No
5,,Symbols,Yes,,3,43,223,Within_3,Yes
5,,Numbers,Yes,,2,39,159,Out_3,Yes
5,,Numbers,No,,4,20,260,Out_3,Indifferent
5,,Greek,No,,6,34,394,Out_3,Indifferent
5,,Symbols,No,,8,32,512,No,No
5,,Numbers,Yes,,15,10,910,Out_3,Yes
5,,Numbers,Yes,,8,40,520,No,Yes
5,,Symbols,Yes,,7,3,423,No,Indifferent
5,,Greek,No,,6,5,365,No,Yes
5,,Greek,No,,9,44,584,No,No
5,,Symbols,Yes,,5,9,309,No,Indifferent
5,,Symbols,Yes,,5,48,348,No,Yes
5,,Numbers,No,,4,16,256,No,Indifferent
5,,Symbols,Yes,,6,14,374,Out_3,Indifferent
5,,Letters,No,,6,4,364,No,Yes
5,,Greek,No,,3,25,205,Within_3,Yes
5,,Letters,Yes,,7,17,437,No,Indifferent
5,,Symbols,Yes,,4,40,280,Out_3,Yes
5,,Numbers,Yes,,3,44,224,Out_3,Indifferent
5,,Letters,Yes,,3,18,198,Out_3,Indifferent
5,,Greek,Yes,,4,54,294,Out_3,Indifferent
5,,Letters,No,,4,2,242,Out_3,Yes
5,,Greek,Yes,,4,42,282,Out_3,Yes
5,,Letters,Yes,,4,50,290,Out_3,Indifferent
5,,Numbers,Yes,,5,8,308,Out_3,Indifferent
5,,Greek,No,,7,53,473,Out_3,Indifferent
5,,Numbers,No,,5,10,310,Out_3,Yes
5,,Letters,Yes,,5,36,336,No,Yes
5,,Greek,Yes,,5,17,317,Within_3,Yes
5,,Letters,Yes,,4,40,280,No,Indifferent
5,,Symbols,Yes,,3,52,232,No,Indifferent
5,,Greek,Yes,,1,50,110,Within_3,Yes
5,,Symbols,Yes,,4,21,261,Within_3,Yes
5,,Numbers,Yes,,0,56,56,Within_3,Yes
5,,Letters,Yes,,2,1,121,Out_3,Indifferent
5,,Greek,No,,2,55,175,No,No
5,,Symbols,Yes,,1,36,96,Within_3,Yes
5,,Greek,Yes,,2,35,155,Out_3,Yes
5,,Letters,Yes,,2,59,179,Out_3,Yes
5,,Numbers,Yes,,1,5,65,Within_3,Yes
5,,Symbols,Yes,,1,49,109,Within_3,Yes
5,,Symbols,No,,1,59,119,No,No
5,,Numbers,Yes,,0,58,58,Out_3,Yes
5,,Greek,Yes,,4,0,240,Out_3,Indifferent
5,,Letters,Yes,,3,17,197,Out_3,Indifferent
5,,Greek,Yes,,2,35,155,Out_3,Indifferent
5,,Numbers,Yes,,3,12,192,Within_3,Indifferent
5,,Symbols,Yes,,2,47,167,Out_3,Indifferent
5,,Greek,Yes,,3,35,215,Out_3,Yes
5,,Symbols,Yes,,3,1,181,Within_3,Yes
5,,Symbols,Yes,,4,23,263,Within_3,Yes
5,,Greek,Yes,,2,14,134,Out_3,Yes
5,,Greek,No,,3,6,186,Out_3,Indifferent
5,,Symbols,Yes,,1,59,119,Within_3,Yes
5,,Numbers,Yes,,1,10,70,Out_3,Indifferent
5,,Numbers,Yes,,0,51,51,Out_3,Yes
5,,Letters,Yes,,2,45,165,No,Yes
5,,Letters,Yes,,1,32,92,No,Yes
5,,Symbols,Yes,,3,21,201,Within_3,Yes
5,,Symbols,Yes,,3,39,219,Out_3,Yes
5,,Greek,Yes,,4,50,290,No,No
5,,Symbols,Yes,,3,27,207,Out_3,Yes
5,,Letters,Yes,,1,55,115,Out_3,Indifferent
5,,Letters,No,,5,40,340,No,No
5,,Symbols,Yes,,2,47,167,Out_3,Yes
5,,Greek,No,,4,30,270,Out_3,No
5,,Numbers,Yes,,2,6,126,Within_3,Yes
5,,Letters,Yes,,4,45,285,Out_3,Yes
5,,Letters,No,,3,24,204,Out_3,Indifferent
5,,Greek,Yes,,3,15,195,Within_3,Yes
5,,Symbols,Yes,,1,51,111,Within_3,Yes
5,,Numbers,Yes,,1,33,93,Out_3,Yes
5,,Numbers,Yes,,3,47,227,No,Indifferent
5,,Symbols,No,,4,0,240,Out_3,Yes
5,,Numbers,Yes,,2,47,167,No,Yes
5,,Greek,No,,2,15,135,No,Indifferent
5,,Letters,Yes,,2,56,176,No,Indifferent
5,,Greek,Yes,,3,50,230,Out_3,Yes
5,,Letters,Yes,,1,6,66,Within_3,Yes
5,,Numbers,Yes,,1,15,75,Out_3,Yes
5,,Letters,Yes,,2,4,124,Out_3,Indifferent
5,,Letters,Yes,,1,12,72,Within_3,Yes
5,,Symbols,Yes,,1,57,117,Within_3,Yes
5,,Numbers,Yes,,1,48,108,Out_3,Yes
5,,Greek,Yes,,3,14,194,Out_3,Indifferent
5,,Letters,Yes,,1,42,102,Out_3,Yes
5,,Letters,No,,2,3,123,No,Yes
5,,Letters,Yes,,1,11,71,Within_3,Yes
5,,Numbers,Yes,,0,52,52,Within_3,Yes
5,,Symbols,Yes,,2,53,173,Within_3,Indifferent
5,,Symbols,Yes,,1,53,113,Out_3,Indifferent
5,,Numbers,Yes,,1,24,84,Within_3,Indifferent
5,,Letters,Yes,,1,2,62,Out_3,Yes
5,,Letters,Yes,,1,13,73,Out_3,Yes
5,,Letters,Yes,,1,20,80,Within_3,Yes
5,,Numbers,Yes,,1,18,78,Within_3,Yes
5,,Numbers,Yes,,0,50,50,Within_3,Yes
5,,Numbers,Yes,,0,35,35,Within_3,Yes
5,,Greek,Yes,,2,30,150,No,Yes
5,,Numbers,No,,2,36,156,Out_3,No
5,,Letters,Yes,,1,55,115,Within_3,Yes
5,,Numbers,Yes,,1,22,82,Out_3,Indifferent
5,,Letters,Yes,,1,30,90,Within_3,Yes
5,,Symbols,Yes,,1,26,86,Within_3,Yes
5,,Numbers,Yes,,1,14,74,Within_3,Yes
6,,Greek,Yes,,10,2,602,Outside,Indifferent
6,,Letters,No,,4,43,283,Outside,Indifferent
6,,Greek,Yes,,3,48,228,Outside,Yes
6,,Greek,Yes,,8,11,491,Outside,Indifferent
6,,Greek,Yes,,8,10,490,No,Indifferent
6,,Letters,Yes,,5,53,353,Outside,No
6,,Symbols,No,,7,32,452,Outside,Indifferent
6,,Numbers,Yes,,2,21,141,Outside,Indifferent
6,,Letters,Yes,,4,31,271,Outside,No
6,,Symbols,Yes,,6,43,403,Outside,No
6,,Numbers,Yes,,6,20,380,Outside,Yes
6,,Greek,Yes,,3,52,232,Outside,Yes
6,,Letters,Yes,,2,50,170,Outside,Yes
6,,Greek,Yes,,3,38,218,Inside,Yes
6,,Letters,Yes,,7,16,436,No,Indifferent
6,,Numbers,Yes,,1,14,74,Inside,Yes
6,,Numbers,No,,3,26,206,Outside,Yes
6,,Numbers,No,,4,15,255,No,Indifferent
6,,Greek,No,,7,52,472,No,Indifferent
6,,Symbols,No,,4,5,245,Outside,Yes
6,,Greek,Yes,,1,42,102,Inside,Yes
6,,Greek,No,,7,4,424,Inside,Yes
6,,Symbols,Yes,,6,30,390,No,No
6,,Symbols,Yes,,6,50,410,Outside,Yes
6,,Letters,Yes,,3,58,238,Outside,Yes
6,,Greek,Yes,,4,32,272,Outside,Yes
6,,Symbols,No,,5,39,339,Outside,No
6,,Greek,No,,7,52,472,Outside,Yes
6,,Greek,No,,7,58,478,No,Yes
6,,Greek,Yes,,5,23,323,Outside,Yes
6,,Symbols,No,,6,30,390,No,Yes
6,,Letters,No,,2,10,130,Outside,No
6,,Greek,No,,6,16,376,Outside,Yes
6,,Symbols,Yes,,4,28,268,Outside,No
6,,Numbers,Yes,,4,26,266,Outside,Indifferent
6,,Letters,Yes,,3,46,226,No,Yes
6,,Letters,No,,9,9,549,No,Yes
6,,Greek,Yes,,4,15,255,Inside,Yes
6,,Greek,Yes,,5,38,338,No,Indifferent
6,,Symbols,No,,7,10,430,No,Indifferent
6,,Numbers,Yes,,2,2,122,Outside,Yes
6,,Greek,No,,4,19,259,No,Indifferent
6,,Symbols,Yes,,3,38,218,Outside,Indifferent
6,,Numbers,Yes,,1,31,91,Inside,Yes
6,,Letters,No,,1,59,119,No,No
6,,Letters,Yes,,3,15,195,Outside,Yes
6,,Numbers,Yes,,3,20,200,Inside,Yes
6,,Greek,No,,6,10,370,Outside,No
6,,Greek,Yes,,4,30,270,Outside,Yes
6,,Symbols,Yes,,4,37,277,Inside,Yes
6,,Letters,Yes,,3,0,180,Outside,Yes
6,,Greek,No,,6,7,367,Outside,No
6,,Greek,Yes,,2,19,139,Outside,Indifferent
6,,Greek,No,,6,5,365,Outside,Yes
6,,Numbers,No,,4,3,243,No,Indifferent
6,,Letters,Yes,,3,17,197,Outside,Yes
6,,Greek,Yes,,4,36,276,Inside,Yes
6,,Symbols,No,,5,54,354,Outside,Indifferent
6,,Symbols,No,,9,3,543,No,Indifferent
6,,Letters,Yes,,4,25,265,Outside,Indifferent
6,,Symbols,Yes,,6,8,368,No,Indifferent
6,,Letters,No,,2,10,130,Outside,Indifferent
6,,Greek,Yes,,5,21,321,Outside,Yes
6,,Symbols,Yes,,3,17,197,Outside,Yes
6,,Numbers,Yes,,1,11,71,Inside,Yes
6,,Symbols,Yes,,1,40,100,Outside,Yes
6,,Greek,No,,5,25,325,Outside,Indifferent
6,,Numbers,Yes,,1,52,112,Outside,Yes
6,,Letters,Yes,,1,20,80,Outside,Yes
6,,Greek,Yes,,4,49,289,Outside,Yes
6,,Letters,Yes,,5,13,313,Outside,Indifferent
6,,Greek,Yes,,2,50,170,Outside,Yes
6,,Symbols,Yes,,5,15,315,Inside,Yes
6,,Numbers,Yes,,4,30,270,Inside,Yes
6,,Letters,Yes,,5,10,310,No,Yes
6,,Greek,Yes,,6,48,408,Outside,Yes
6,,Symbols,No,,7,0,420,No,No
6,,Letters,Yes,,1,32,92,Inside,Yes
6,,Numbers,Yes,,2,5,125,Inside,Yes
6,,Symbols,Yes,,5,2,302,Inside,Yes
6,,Greek,Yes,,4,39,279,Outside,Indifferent
6,,Symbols,Yes,,3,23,203,Outside,Indifferent
6,,Numbers,No,,5,41,341,No,No
6,,Letters,Yes,,4,48,288,Inside,Indifferent
6,,Greek,No,,3,57,237,Inside,Yes
6,,Symbols,Yes,,2,45,165,Inside,Yes
6,,Numbers,No,,3,50,230,Outside,Yes
6,,Symbols,Yes,,3,44,224,Inside,Yes
6,,Greek,Yes,,5,25,325,Outside,Indifferent
6,,Symbols,Yes,,4,49,289,Outside,Yes
6,,Greek,Yes,,2,55,175,Inside,Yes
6,,Letters,Yes,,3,57,237,Outside,Yes
6,,Letters,Yes,,6,58,418,Outside,Indifferent
6,,Numbers,No,,6,20,380,No,Indifferent
6,,Symbols,Yes,,3,11,191,Outside,Yes
6,,Numbers,Yes,,2,35,155,Outside,Indifferent
6,,Symbols,Yes,,5,41,341,No,Indifferent
6,,Letters,Yes,,2,1,121,Outside,Yes
6,,Greek,Yes,,7,53,473,No,Yes
6,,Greek,Yes,,3,50,230,Inside,Yes
6,,Symbols,No,,6,58,418,No,No
6,,Symbols,Yes,,6,31,391,Outside,Yes
6,,Symbols,Yes,,3,28,208,Outside,Yes
6,,Numbers,No,,5,20,320,No,No
6,,Letters,Yes,,4,46,286,Outside,Yes
6,,Greek,No,,4,20,260,No,Yes
6,,Letters,Yes,,1,35,95,Outside,Yes
6,,Numbers,Yes,,5,25,325,No,No
6,,Numbers,Yes,,1,8,68,Inside,Yes
6,,Symbols,Yes,,6,21,381,No,Indifferent
6,,Greek,Yes,,4,0,240,Outside,Indifferent
6,,Greek,No,,6,57,417,No,Indifferent
6,,Symbols,No,,2,17,137,Outside,Yes
6,,Letters,Yes,,1,45,105,Outside,Indifferent
6,,Numbers,Yes,,5,30,330,No,Yes
6,,Symbols,Yes,,3,11,191,Inside,Yes
6,,Greek,Yes,,3,11,191,Inside,Yes
6,,Letters,Yes,,5,17,317,Outside,Yes
6,,Greek,Yes,,3,28,208,Inside,Yes
6,,Letters,Yes,,2,43,163,Inside,Yes
6,,Numbers,Yes,,0,40,40,Inside,Yes
6,,Letters,Yes,,1,46,106,Outside,Yes
6,,Numbers,Yes,,1,51,111,Inside,Yes
6,,Numbers,Yes,,1,9,69,Inside,Yes
6,,Letters,No,,2,58,178,Outside,No
6,,Letters,Yes,,3,27,207,Outside,Yes
6,,Greek,Yes,,4,6,246,Inside,Yes
6,,Greek,Yes,,2,53,173,Inside,Yes
6,,Symbols,Yes,,4,24,264,No,Yes
6,,Symbols,Yes,,5,33,333,Outside,No
6,,Greek,Yes,,3,28,208,Inside,Yes
6,,Letters,Yes,,2,19,139,Outside,Yes
6,,Greek,No,,5,53,353,Inside,Indifferent
6,,Symbols,Yes,,2,27,147,Inside,Yes
6,,Numbers,Yes,,2,22,142,Inside,Yes
6,,Greek,Yes,,8,22,502,No,Indifferent
6,,Numbers,Yes,,3,10,190,No,Indifferent
6,,Symbols,Yes,,4,8,248,No,Indifferent
6,,Symbols,Yes,,4,13,253,Outside,Indifferent
6,,Numbers,Yes,,1,23,83,Inside,Indifferent
6,,Letters,Yes,,1,31,91,Inside,Yes
6,,Greek,Yes,,2,18,138,Outside,Indifferent
6,,Numbers,Yes,,2,40,160,Outside,No
6,,Letters,Yes,,1,32,92,Inside,Yes
6,,Greek,Yes,,3,40,220,Outside,Yes
6,,Numbers,Yes,,2,16,136,Inside,Indifferent
6,,Symbols,Yes,,3,44,224,Outside,Yes
6,,Letters,Yes,,3,44,224,Outside,Yes
6,,Symbols,Yes,,4,39,279,No,Yes
6,,Greek,Yes,,1,35,95,Inside,Yes
6,,Letters,Yes,,3,2,182,Inside,Yes
6,,Numbers,Yes,,1,30,90,Inside,Yes
6,,Greek,Yes,,2,33,153,Inside,Yes
6,,Symbols,Yes,,3,54,234,Outside,Yes
6,,Numbers,Yes,,2,35,155,Outside,Yes
6,,Letters,Yes,,2,0,120,Outside,Indifferent
6,,Greek,Yes,,4,37,277,Outside,Yes
6,,Symbols,Yes,,4,30,270,Outside,Indifferent
6,,Greek,Yes,,3,56,236,Outside,Indifferent
6,,Letters,Yes,,5,23,323,Outside,Yes
6,,Numbers,Yes,,2,5,125,Outside,Yes
6,,Greek,Yes,,3,49,229,Inside,Yes
6,,Letters,Yes,,1,34,94,Inside,Yes
6,,Numbers,Yes,,0,48,48,Inside,Yes
6,,Symbols,Yes,,1,47,107,Outside,Yes
6,,Letters,Yes,,4,16,256,Outside,Yes
6,,Numbers,Yes,,4,4,244,Outside,Indifferent
6,,Symbols,Yes,,2,22,142,Inside,Yes
6,,Greek,No,,.,.,.,No,No
6,,Letters,No,,1,43,103,Outside,Yes
6,,Letters,Yes,,3,58,238,No,No
6,,Greek,No,,4,16,256,No,Yes
6,,Numbers,Yes,,2,5,125,Inside,Yes
6,,Letters,Yes,,2,35,155,Outside,Yes
6,,Greek,Yes,,5,45,345,No,Indifferent
6,,Numbers,Yes,,4,1,241,No,Indifferent
6,,Symbols,Yes,,2,56,176,Inside,Indifferent
6,,Numbers,Yes,,2,49,169,Outside,No
6,,Numbers,Yes,,4,20,260,Outside,Yes
6,,Symbols,Yes,,2,4,124,Outside,Yes
6,,Letters,Yes,,3,17,197,Outside,Indifferent
6,,Numbers,Yes,,2,15,135,Outside,Yes
6,,Symbols,Yes,,4,23,263,Outside,Yes
6,,Symbols,Yes,,4,36,276,No,Indifferent
6,,Greek,Yes,,4,15,255,Outside,Yes
6,,Letters,Yes,,2,39,159,Outside,Yes
6,,Numbers,Yes,,3,26,206,Inside,Yes
6,,Symbols,Yes,,2,19,139,Outside,Indifferent
6,,Greek,Yes,,3,45,225,Outside,Indifferent
6,,Letters,Yes,,1,11,71,Inside,Indifferent
6,,Greek,Yes,,1,44,104,Inside,Yes
6,,Symbols,Yes,,3,20,200,Outside,Yes
6,,Numbers,Yes,,2,39,159,Outside,Yes
6,,Letters,Yes,,2,42,162,Outside,Yes
6,,Letters,Yes,,2,36,156,Outside,Indifferent
6,,Letters,Yes,,2,18,138,Inside,Yes
6,,Numbers,Yes,,2,20,140,Outside,Yes
6,,Symbols,Yes,,2,55,175,Outside,Indifferent
6,,Symbols,Yes,,5,34,334,Outside,Indifferent
6,,Letters,Yes,,5,9,309,Outside,Indifferent
6,,Numbers,Yes,,4,3,243,No,Yes
6,,Greek,Yes,,4,3,243,Outside,Yes
6,,Letters,Yes,,4,34,274,No,Yes
6,,Numbers,Yes,,1,24,84,Inside,Yes
6,,Symbols,No,,5,25,325,No,Yes
6,,Greek,No,,5,59,359,No,Indifferent
6,,Letters,Yes,,2,34,154,Inside,Yes
6,,Numbers,Yes,,1,53,113,Outside,Yes
6,,Letters,Yes,,2,9,129,No,Yes
6,,Greek,Yes,,4,54,294,Outside,Indifferent
6,,Letters,Yes,,4,3,243,Inside,Yes
6,,Numbers,Yes,,2,49,169,Outside,Yes
6,,Symbols,Yes,,4,5,245,Outside,Indifferent
6,,Numbers,Yes,,1,28,88,Outside,Yes
6,,Letters,Yes,,2,23,143,Inside,Indifferent
6,,Greek,Yes,,4,16,256,Outside,Yes
6,,Greek,No,,2,43,163,Inside,Yes
6,,Numbers,No,,3,4,184,No,No
6,,Symbols,Yes,,1,45,105,Outside,Yes
6,,Numbers,Yes,,2,45,165,Outside,No
6,,Letters,Yes,,2,10,130,Inside,Yes
6,,Greek,Yes,,4,7,247,Outside,Yes
6,,Letters,Yes,,1,30,90,Inside,Yes
6,,Numbers,Yes,,2,37,157,Outside,Indifferent
6,,Symbols,Yes,,3,12,192,Inside,Yes
6,,Numbers,Yes,,1,35,95,Outside,Yes
6,,Numbers,Yes,,4,35,275,Outside,Yes
6,,Symbols,Yes,,4,45,285,Outside,Yes
6,,Symbols,Yes,,1,16,76,Inside,Yes
6,,Greek,Yes,,4,3,243,Inside,Yes
6,,Numbers,Yes,,3,45,225,Inside,Yes
6,,Symbols,Yes,,4,24,264,Outside,Yes
6,,Greek,Yes,,2,25,145,Inside,Yes
6,,Numbers,No,,2,45,165,No,Yes
6,,Greek,Yes,,2,51,171,Inside,Yes
6,,Symbols,Yes,,1,56,116,Outside,Yes
6,,Numbers,Yes,,1,0,60,Outside,Yes
6,,Letters,Yes,,4,15,255,No,Indifferent
6,,Symbols,Yes,,2,8,128,Inside,Yes
6,,Symbols,Yes,,2,36,156,Outside,Indifferent
6,,Numbers,Yes,,2,26,146,Outside,Yes
6,,Greek,Yes,,2,20,140,Outside,Yes
6,,Numbers,Yes,,1,41,101,Outside,Yes
6,,Symbols,No,,3,31,211,Outside,Indifferent
6,,Numbers,Yes,,0,39,39,Inside,Yes
6,,Numbers,Yes,,0,45,45,Inside,Yes
6,,Symbols,Yes,,2,32,152,Inside,Yes
6,,Greek,Yes,,3,56,236,Outside,Yes
6,,Numbers,Yes,,1,43,103,Inside,Yes
6,,Letters,No,,5,23,323,No,No
6,,Symbols,Yes,,2,46,166,Inside,Yes
6,,Letters,Yes,,3,44,224,Outside,Indifferent
6,,Letters,No,,3,37,217,Outside,No
6,,Numbers,Yes,,2,42,162,Outside,Indifferent
6,,Symbols,Yes,,2,14,134,Inside,Yes
6,,Numbers,Yes,,1,36,96,Outside,Yes
6,,Letters,Yes,,1,5,65,Inside,Yes
6,,Greek,Yes,,3,9,189,Outside,Yes
6,,Numbers,Yes,,1,19,79,Inside,Yes
6,,Symbols,Yes,,3,22,202,Inside,Yes
6,,Numbers,Yes,,1,15,75,Inside,Yes
6,,Letters,Yes,,1,40,100,Inside,Yes
6,,Letters,Yes,,1,54,114,Inside,Yes
6,,Numbers,Yes,,1,40,100,Inside,Yes
6,,Greek,Yes,,3,48,228,Outside,Indifferent
6,,Symbols,Yes,,1,37,97,Inside,Yes
6,,Numbers,Yes,,3,45,225,Outside,Yes
6,,Letters,Yes,,1,59,119,Inside,Yes
6,,Letters,Yes,,1,55,115,Inside,Yes
6,,Numbers,Yes,,1,42,102,Outside,Indifferent
6,,Symbols,Yes,,3,30,210,Outside,Yes
6,,Letters,No,,3,40,220,No,Indifferent
6,,Symbols,Yes,,2,40,160,Outside,Indifferent
6,,Numbers,Yes,,1,5,65,Inside,Yes
6,,Numbers,Yes,,2,10,130,Inside,Yes
6,,Letters,Yes,,1,54,114,Outside,Yes
7,,Greek,No,,4,35,275,No,Indifferent
7,,Symbol,Yes,,1,26,86,Inside,Yes
7,,Number,Yes,,0,54,54,Inside,Yes
7,,Number,Yes,,1,12,72,Inside,Yes
7,,Greek,Yes,,2,17,137,Inside,Yes
7,,Number,Yes,,2,48,168,No,Yes
7,,Number,Yes,,4,40,280,Outside,Yes
7,,Number,No,,1,15,75,Outside,Yes
7,,Letter,No,,2,48,168,Outside,Yes
7,,Symbol,Yes,,3,12,192,Outside,Indifferent
7,,Number,Yes,,2,7,127,No,Yes
7,,Letter,Yes,,1,2,62,Outside,Yes
7,,Letter,Yes,,1,28,88,Outside,Yes
7,,Symbol,Yes,,2,12,132,Outside,Indifferent
7,,Greek,Yes,,4,30,270,Inside,Yes
7,,Number,Yes,,0,44,44,Inside,Yes
7,,Greek,No,,5,0,300,No,Indifferent
7,,Symbol,No,,5,0,300,No,Yes
7,,Number,No,,.,.,.,Inside,Indifferent
7,,Greek,Yes,,4,7,247,Outside,Indifferent
7,,Number,No,,2,40,160,Outside,Yes
7,,Symbol,Yes,,0,50,50,Outside,Indifferent
7,,Letter,Yes,,2,26,146,No,Yes
7,,Greek,Yes,,3,20,200,Inside,Indifferent
7,,Symbol,Yes,,4,36,276,Outside,Yes
7,,Letter,Yes,,2,6,126,Outside,Yes
7,,Letter,Yes,,2,19,139,Outside,Yes
7,,Letter,Yes,,1,32,92,Inside,Yes
7,,Number,Yes,,2,49,169,Outside,Yes
7,,Greek,Yes,,4,31,271,Inside,Indifferent
7,,Symbol,Yes,,3,24,204,Outside,Yes
7,,Greek,Yes,,1,54,114,Inside,Yes
7,,Symbol,No,,3,0,180,Outside,Yes
7,,Symbol,Yes,,2,2,122,No,Indifferent
7,,Symbol,Yes,,4,5,245,Outside,Indifferent
7,,Number,Yes,,1,59,119,Outside,Indifferent
7,,Greek,Yes,,4,30,270,Inside,Indifferent
7,,Letter,Yes,,1,8,68,Inside,Yes
7,,Symbol,Yes,,2,38,158,Inside,Yes
7,,Number,Yes,,3,10,190,Outside,Yes
7,,Symbol,Yes,,4,25,265,Inside,Indifferent
7,,Letter,Yes,,2,53,173,Outside,No
7,,Greek,Yes,,4,6,246,Outside,No
7,,Greek,Yes,,2,14,134,Inside,Yes
7,,Number,Yes,,1,27,87,Outside,Yes
7,,Letter,No,,2,30,150,No,No
7,,Greek,No,,6,32,392,No,Indifferent
7,,Symbol,Yes,,1,35,95,Inside,Yes
7,,Letter,No,,3,27,207,No,Indifferent
7,,Greek,Yes,,2,28,148,Inside,Yes
7,,Symbol,Yes,,3,25,205,No,Yes
7,,Symbol,Yes,,3,24,204,.,.
7,,Letter,Yes,,2,58,178,Outside,Yes
7,,Number,No,,.,.,.,.,.
7,,Symbol,Yes,,4,27,267,Outside,Yes
7,,Symbol,Yes,,2,55,175,Inside,Yes
7,,Greek,No,,6,25,385,No,No
7,,Number,Yes,,1,42,102,Outside,Yes
7,,Greek,Yes,,3,27,207,Outside,Indifferent
7,,Letter,Yes,,2,7,127,Inside,Yes
7,,Symbol,Yes,,6,40,400,No,Indifferent
7,,Number,Yes,,1,12,72,Outside,Yes
7,,Greek,No,,5,6,306,Outside,Indifferent
7,,Symbol,No,,6,24,384,No,Yes
7,,Number,Yes,,1,19,79,Inside,Yes
7,,Greek,Yes,,1,50,110,Outside,Yes
7,,Number,No,,2,5,125,Outside,Yes
7,,Symbol,Yes,,2,32,152,Inside,Yes
7,,Greek,Yes,,2,30,150,Outside,Yes
7,,Letter,Yes,,0,31,31,Inside,Yes
7,,Greek,Yes,,6,29,389,Outside,Indifferent
7,,Letter,No,,4,50,290,No,Indifferent
7,,Greek,Yes,,1,19,79,Inside,Yes
7,,Symbol,Yes,,3,30,210,Inside,Yes
7,,Symbol,Yes,,2,26,146,Outside,Yes
7,,Number,Yes,,1,3,63,Inside,Yes
7,,Symbol,Yes,,8,0,480,No,Indifferent
7,,Greek,No,,7,49,469,Outside,No
7,,Symbol,No,,1,39,99,Inside,Yes
7,,Number,Yes,,2,8,128,Outside,Yes
7,,Symbol,Yes,,3,0,180,Inside,Yes
7,,Letter,Yes,,1,40,100,Outside,No
7,,Greek,Yes,,3,17,197,Outside,Yes
7,,Symbol,Yes,,6,35,395,Outside,Indifferent
7,,Number,No,,6,15,375,No,No
7,,Symbol,Yes,,3,27,207,Inside,Yes
7,,Symbol,Yes,,6,6,366,No,Indifferent
7,,Greek,Yes,,.,.,.,No,No
7,,Greek,Yes,,6,30,390,Outside,Yes
7,,Letter,Yes,,1,28,88,Outside,Yes
7,,Symbol,No,,6,40,400,No,No
7,,Symbol,Yes,,3,40,220,Inside,Yes
7,,Number,Yes,,2,1,121,Outside,Indifferent
7,,Letter,Yes,,2,30,150,Inside,Yes
7,,Greek,No,,4,25,265,No,Yes
7,,Symbol,Yes,,5,17,317,No,No
7,,Letter,Yes,,4,4,244,No,Indifferent
7,,Symbol,No,,.,.,.,No,No
7,,Greek,No,,.,.,.,No,Indifferent
7,,Symbol,Yes,,2,40,160,Outside,Yes
7,,Greek,Yes,,3,22,202,Outside,Indifferent
7,,Greek,Yes,,6,10,370,Inside,Yes
7,,Number,Yes,,1,23,83,Inside,Yes
7,,Symbol,Yes,,8,0,480,Outside,Yes
7,,Greek,No,,7,34,454,No,Indifferent
7,,Greek,No,,7,0,420,No,No
7,,Greek,No,,6,11,371,No,Indifferent
7,,Symbol,No,,.,.,.,No,Indifferent
7,,Greek,Yes,,4,0,240,Inside,Indifferent
7,,Symbol,Yes,,2,37,157,Outside,Yes
7,,Greek,Yes,,8,12,492,Outside,Yes
7,,Number,Yes,,6,1,361,No,Indifferent
7,,Symbol,Yes,,4,12,252,Inside,Yes
7,,Greek,Yes,,3,10,190,Outside,Yes
7,,Letter,Yes,,1,36,96,Inside,Yes
7,,Letter,Yes,,1,21,81,Inside,Yes
7,,Letter,Yes,,6,4,364,Outside,Yes
7,,Symbol,No,,8,16,496,Outside,No
7,,Greek,No,,7,19,439,No,Indifferent
7,,Symbol,Yes,,3,52,232,No,Yes
7,,Number,Yes,,2,22,142,Inside,No
7,,Letter,No,,7,7,427,Outside,Indifferent
7,,Greek,Yes,,3,5,185,Outside,Yes
7,,Greek,Yes,,7,30,450,Outside,Yes
7,,Letter,No,,12,45,765,Inside,No
7,,Letter,No,,10,0,600,No,No
7,,Greek,No,,3,17,197,Inside,Yes
7,,Greek,Yes,,8,41,521,Inside,Indifferent
7,,Symbol,No,,10,50,650,No,No
7,,Symbol,No,,.,.,.,Outside,Yes
8,,Greek,Yes,,6,28,388,Outside,Indifferent
8,,Greek,Yes,,5,1,301,Outside,Indifferent
8,,Letter,Yes,,1,50,110,Outside,Yes
8,,Symbol,Yes,,3,0,180,Outside,Yes
8,,Greek,Yes,,3,30,210,No,Indifferent
8,,Number,Yes,,0,50,50,Inside,Yes
8,,Symbol,Yes,,2,13,133,Inside,Yes
8,,Letter,Yes,,3,28,208,Outside,Indifferent
8,,Greek,Yes,,2,58,178,Inside,Yes
8,,Greek,No,,11,9,669,No,No
8,,Letter,Yes,,2,40,160,Outside,Yes
8,,Greek,Yes,,3,21,201,Outside,Indifferent
8,,Letter,Yes,,7,12,432,Inside,Yes
8,,Greek,Yes,,1,54,114,Inside,Yes
8,,Symbol,Yes,,2,58,178,Inside,Yes
8,,Greek,Yes,,3,29,209,No,Indifferent
8,,Letter,Yes,,1,22,82,Outside,Yes
8,,Symbol,Yes,,2,30,150,Inside,Yes
8,,Greek,Yes,,9,0,540,No,Indifferent
8,,Letter,Yes,,1,46,106,Outside,Indifferent
8,,Number,Yes,,4,50,290,Outside,Indifferent
8,,Symbol,No,,7,24,444,No,Yes
8,,Letter,Yes,,1,30,90,Inside,Yes
8,,Greek,Yes,,3,36,216,Outside,Yes
8,,Number,No,,3,37,217,No,Yes
8,,Letter,No,,4,22,262,Outside,Indifferent
8,,Symbol,Yes,,3,53,233,No,Indifferent
8,,Greek,No,,5,57,357,Outside,No
8,,Letter,No,,2,17,137,Outside,Yes
8,,Symbol,No,,.,.,.,No,Yes
8,,Symbol,Yes,,1,48,108,Inside,Yes
8,,Greek,No,,5,30,330,No,Indifferent
8,,Letter,Yes,,1,0,60,Outside,Yes
8,,Greek,Yes,,2,56,176,Inside,Yes
8,,Symbol,Yes,,1,57,117,Inside,Yes
8,,Letter,Yes,,2,13,133,Inside,Yes
8,,Symbol,Yes,,5,42,342,Outside,Yes
8,,Letter,Yes,,1,8,68,Inside,Yes
8,,Greek,Yes,,3,49,229,Inside,Indifferent
8,,Greek,No,,5,57,357,Outside,Yes
8,,Letter,Yes,,4,35,275,Outside,Yes
8,,Symbol,Yes,,3,36,216,No,Indifferent
8,,Letter,Yes,,2,30,150,Outside,No
8,,Letter,Yes,,1,50,110,Outside,Yes
8,,Symbol,No,,.,.,.,No,No
8,,Symbol,No,,1,50,110,No,Indifferent
8,,Letter,No,,1,32,92,Inside,Yes
8,,Number,No,,.,.,.,No,No
8,,Letter,Yes,,2,23,143,Inside,Yes
8,,Greek,No,,5,20,320,Outside,Indifferent
8,,Number,Yes,,1,50,110,Outside,Yes
8,,Symbol,Yes,,4,31,271,Outside,Yes
8,,Number,No,,4,4,244,No,Yes
8,,Symbol,Yes,,1,57,117,Outside,Yes
8,,Symbol,Yes,,3,54,234,Outside,Yes
8,,Number,Yes,,1,22,82,Outside,Yes
8,,Greek,Yes,,4,18,258,Outside,Yes
8,,Letter,Yes,,1,55,115,Outside,No
8,,Letter,Yes,,2,32,152,Outside,Yes
8,,Greek,Yes,,3,33,213,Outside,Indifferent
8,,Symbol,Yes,,2,53,173,Inside,Yes
8,,Greek,Yes,,2,5,125,Outside,Yes
8,,Letter,Yes,,1,31,91,Outside,No
8,,Greek,Yes,,3,17,197,Outside,Yes
8,,Symbol,Yes,,5,40,340,Outside,Indifferent
8,,Letter,Yes,,3,8,188,Outside,Yes
8,,Number,No,,3,20,200,No,Yes
8,,Symbol,Yes,,7,9,429,No,No
8,,Symbol,Yes,,3,52,232,Outside,Yes
8,,Greek,No,,6,37,397,Outside,Yes
8,,Letter,Yes,,2,1,121,Inside,Yes
8,,Letter,Yes,,1,59,119,Outside,Yes
8,,Greek,Yes,,8,23,503,Outside,Yes
8,,Letter,Yes,,1,50,110,Outside,Yes
8,,Greek,Yes,,3,35,215,Outside,Yes
8,,Letter,Yes,,3,10,190,Outside,Yes
8,,Greek,Yes,,2,31,151,Outside,Yes
8,,Symbol,Yes,,3,42,222,Outside,Yes
8,,Letter,No,,5,13,313,No,Yes
8,,Symbol,Yes,,3,13,193,Outside,Yes
8,,Letter,Yes,,1,27,87,Outside,Indifferent
8,,Number,Yes,,3,42,222,Outside,No
8,,Symbol,No,,2,46,166,Inside,Yes
8,,Letter,No,,3,48,228,No,Yes
8,,Greek,Yes,,8,34,514,No,No
8,,Greek,Yes,,3,48,228,Outside,Yes
8,,Symbol,Yes,,1,28,88,Inside,Yes
8,,Letter,Yes,,2,28,148,Outside,Indifferent
8,,Symbol,Yes,,5,30,330,Inside,Yes
8,,Letter,Yes,,3,59,239,No,Yes
8,,Symbol,Yes,,1,40,100,Inside,Yes
8,,Number,Yes,,1,19,79,Outside,Indifferent
8,,Letter,Yes,,2,6,126,Inside,Yes
8,,Symbol,Yes,,2,34,154,Inside,Indifferent
8,,Symbol,No,,7,5,425,Outside,No
8,,Symbol,Yes,,3,9,189,Inside,Yes
8,,Letter,Yes,,2,51,171,Outside,Yes
8,,Greek,No,,3,59,239,Outside,Yes
8,,Letter,Yes,,1,16,76,Inside,Yes
8,,Symbol,Yes,,3,19,199,No,Yes
8,,Letter,Yes,,2,30,150,Outside,Yes
8,,Letter,Yes,,2,25,145,Inside,Yes
8,,Greek,Yes,,4,29,269,Inside,No
8,,Letter,Yes,,0,51,51,Inside,Yes
8,,Letter,Yes,,4,5,245,No,No
8,,Greek,Yes,,4,34,274,Outside,Indifferent
8,,Number,Yes,,1,20,80,Inside,Yes
8,,Greek,Yes,,2,45,165,Outside,Yes
8,,Number,Yes,,1,33,93,Outside,Yes
8,,Symbol,No,,4,2,242,No,No
8,,Letter,Yes,,1,1,61,Inside,Yes
8,,Greek,Yes,,2,26,146,Outside,Indifferent
8,,Letter,Yes,,1,40,100,Outside,Indifferent
8,,Symbol,Yes,,1,50,110,Outside,Yes
8,,Letter,No,,4,40,280,No,No
8,,Greek,Yes,,2,2,122,Inside,Yes
8,,Number,No,,1,45,105,No,Indifferent
8,,Symbol,Yes,,2,20,140,Inside,Indifferent
8,,Letter,Yes,,2,34,154,.,.
8,,Letter,Yes,,2,28,148,Outside,Yes
8,,Symbol,Yes,,2,44,164,Inside,Yes
8,,Symbol,Yes,,1,32,92,Inside,Indifferent
8,,Number,Yes,,1,10,70,Inside,Yes
8,,Letter,Yes,,0,56,56,Inside,Yes
8,,Greek,Yes,,5,10,310,Inside,Yes
8,,Symbol,Yes,,6,8,368,No,Yes
8,,Greek,No,,6,52,412,No,Indifferent
8,,Greek,No,,5,54,354,Outside,Yes
8,,Symbol,Yes,,3,4,184,Inside,Yes
8,,Letter,Yes,,3,7,187,Outside,Yes
8,,Letter,No,,3,29,209,Outside,No
8,,Symbol,Yes,,2,11,131,Outside,Yes
8,,Number,No,,4,20,260,Outside,No
8,,Letter,Yes,,3,20,200,No,Indifferent
8,,Greek,Yes,,1,34,94,Inside,Yes
8,,Symbol,Yes,,6,17,377,Outside,Indifferent
8,,Symbol,Yes,,1,50,110,Outside,No
8,,Letter,Yes,,1,0,60,Inside,Yes
8,,Greek,Yes,,3,14,194,Outside,Indifferent
8,,Symbol,No,,6,52,412,No,No
8,,Letter,No,,2,29,149,No,Yes
8,,Symbol,Yes,,2,9,129,Outside,Indifferent
8,,Number,Yes,,1,49,109,Outside,Yes
8,,Greek,Yes,,1,47,107,No,No
8,,Greek,Yes,,3,7,187,No,Indifferent
8,,Letter,No,,4,41,281,Outside,Yes
8,,Greek,Yes,,4,5,245,Outside,Yes
8,,Number,Yes,,2,0,120,Outside,Indifferent
8,,Symbol,Yes,,2,47,167,Outside,Yes
8,,Number,Yes,,6,26,386,Outside,Indifferent
8,,Number,Yes,,2,38,158,Outside,Yes
8,,Symbol,No,,5,34,334,No,Yes
8,,Symbol,Yes,,.,.,.,.,.
8,,Letter,Yes,,2,4,124,Outside,Yes
8,,Symbol,Yes,,3,2,182,Outside,Indifferent
8,,Greek,Yes,,2,34,154,Outside,Yes
8,,Number,Yes,,3,26,206,Outside,Yes
8,,Greek,Yes,,2,25,145,Outside,Indifferent
8,,Symbol,Yes,,4,35,275,No,Indifferent
8,,Letter,Yes,,2,31,151,Inside,Yes
8,,Symbol,Yes,,2,37,157,Inside,Yes
8,,Number,Yes,,6,0,360,Outside,Indifferent
8,,Symbol,Yes,,5,0,300,No,Indifferent
8,,Letter,Yes,,4,2,242,Outside,Indifferent
8,,Symbol,No,,11,46,706,Outside,Yes
8,,Number,Yes,,1,30,90,Inside,Yes
8,,Number,No,,6,22,382,Outside,Yes
8,,Greek,No,,.,.,.,.,.
8,,Letter,Yes,,1,28,88,Inside,Yes
8,,Number,Yes,,2,0,120,Inside,Yes
8,,Number,No,,3,46,226,No,Yes
8,,Letter,No,,4,48,288,No,Yes
8,,Symbol,Yes,,1,6,66,Outside,Yes
8,,Symbol,Yes,,4,0,240,Outside,Yes
8,,Greek,Yes,,5,27,327,Outside,Yes
8,,Letter,Yes,,2,10,130,Inside,Yes
8,,Number,Yes,,0,39,39,Inside,Yes
8,,Symbol,Yes,,1,27,87,Outside,Yes
8,,Letter,Yes,,3,8,188,Outside,Yes
8,,Greek,Yes,,6,8,368,Outside,Yes
8,,Symbol,Yes,,2,15,135,Inside,Yes
8,,Letter,Yes,,1,57,117,Inside,Yes
8,,Number,Yes,,0,44,44,Inside,Yes
8,,Symbol,Yes,,3,49,229,Outside,Yes
8,,Greek,Yes,,6,50,410,No,Yes
8,,Symbol,Yes,,5,30,330,No,No
8,,Number,Yes,,3,33,213,No,Indifferent
8,,Symbol,Yes,,1,52,112,Outside,Yes
8,,Letter,Yes,,1,54,114,Outside,Indifferent
8,,Greek,Yes,,4,0,240,Outside,Yes
8,,Symbol,Yes,,3,42,222,Inside,Indifferent
8,,Letter,Yes,,1,56,116,Inside,Yes
8,,Symbol,Yes,,3,8,188,Outside,Yes
8,,Number,No,,4,50,290,Outside,Indifferent
8,,Letter,Yes,,4,65,305,No,Indifferent
8,,Number,Yes,,1,57,117,Outside,Yes
8,,Letter,Yes,,2,21,141,Inside,Yes
8,,Symbol,No,,5,41,341,Outside,No
8,,Letter,Yes,,1,59,119,Inside,Yes
8,,Greek,No,,6,19,379,No,Indifferent
8,,Symbol,Yes,,1,35,95,Inside,Yes
8,,Letter,Yes,,3,12,192,Inside,Yes
8,,Number,Yes,,2,0,120,Outside,Yes
8,,Number,Yes,,1,14,74,Outside,Yes
8,,Symbol,Yes,,1,27,87,Inside,Yes
8,,Letter,Yes,,2,9,129,Outside,Yes
8,,Number,Yes,,2,19,139,No,Indifferent
8,,Greek,Yes,,4,9,249,Outside,Yes
8,,Symbol,Yes,,1,10,70,Outside,Yes
8,,Letter,Yes,,1,7,67,Inside,Yes
8,,Letter,Yes,,0,47,47,Inside,Yes
8,,Letter,Yes,,1,17,77,Outside,Indifferent
8,,Greek,Yes,,3,10,190,Inside,Indifferent
8,,Letter,No,,6,40,400,No,No
8,,Number,Yes,,1,11,71,Inside,Yes
8,,Symbol,Yes,,5,40,340,Outside,Indifferent
8,,Letter,No,,4,34,274,No,Indifferent
8,,Greek,No,,2,22,142,No,Yes
8,,Symbol,No,,2,20,140,Outside,Yes
8,,Letter,Yes,,1,50,110,Inside,Yes
8,,Letter,No,,6,11,371,No,Yes
8,,Symbol,Yes,,5,34,334,No,Indifferent
8,,Letter,Yes,,1,40,100,Inside,Yes
8,,Number,Yes,,1,12,72,Outside,Yes
8,,Symbol,Yes,,2,45,165,Inside,Yes
8,,Letter,Yes,,1,38,98,Outside,Yes
8,,Greek,No,,4,56,296,Inside,Yes
8,,Symbol,No,,3,0,180,No,Indifferent
8,,Number,Yes,,1,1,61,Inside,Yes
8,,Letter,No,,2,3,123,Outside,Indifferent
8,,Greek,Yes,,2,40,160,Outside,Yes
8,,Letter,Yes,,2,8,128,Outside,Yes
8,,Greek,Yes,,2,4,124,Inside,Yes
8,,Number,Yes,,1,24,84,Inside,Yes
8,,Symbol,No,,4,18,258,Outside,Indifferent
8,,Letter,Yes,,5,8,308,No,No
8,,Number,No,,3,28,208,No,Yes
8,,Symbol,Yes,,2,1,121,Inside,Yes
8,,Letter,Yes,,2,27,147,Outside,No
8,,Symbol,No,,6,23,383,No,Indifferent
8,,Symbol,Yes,,2,28,148,Outside,Yes
8,,Letter,Yes,,3,56,236,No,Yes
8,,Symbol,Yes,,5,51,351,No,Yes
8,,Greek,No,,6,3,363,Outside,Yes
8,,Number,Yes,,1,2,62,No,Indifferent
8,,Symbol,Yes,,1,32,92,Inside,Yes
8,,Letter,Yes,,4,45,285,Outside,Indifferent
8,,Greek,No,,3,56,236,Outside,Yes
8,,Letter,Yes,,3,40,220,Outside,Yes
8,,Symbol,No,,4,45,285,No,Yes
8,,Symbol,Yes,,3,12,192,Inside,Yes
8,,Greek,No,,4,27,267,Outside,Indifferent
8,,Letter,Yes,,3,23,203,No,Indifferent
8,,Number,Yes,,1,10,70,Outside,Yes
8,,Symbol,No,,3,57,237,No,Yes
8,,Number,Yes,,0,52,52,Inside,Yes
8,,Letter,Yes,,0,58,58,Inside,Yes
8,,Greek,Yes,,2,25,145,Inside,Yes
8,,Greek,No,,4,22,262,No,Indifferent
8,,Symbol,No,,3,21,201,Outside,Yes
8,,Letter,Yes,,1,36,96,Outside,Yes
8,,Number,Yes,,2,17,137,Outside,Yes
8,,Greek,Yes,,2,8,128,Inside,Yes
8,,Number,Yes,,1,48,108,Inside,Yes
8,,Symbol,Yes,,1,29,89,Inside,Yes
8,,Number,Yes,,0,35,35,Inside,Yes
8,,Symbol,Yes,,2,53,173,Outside,Yes
8,,Number,Yes,,2,30,150,Outside,Yes
8,,Letter,No,,3,39,219,Outside,Yes
8,,Symbol,No,,3,23,203,Outside,No
8,,Number,Yes,,3,12,192,No,Indifferent
8,,Letter,Yes,,2,14,134,Outside,Yes
8,,Number,No,,3,15,195,No,Yes
8,,Greek,No,,4,12,252,No,No
8,,Letter,Yes,,1,50,110,Outside,No
8,,Symbol,Yes,,1,7,67,Inside,Yes
8,,Symbol,Yes,,2,23,143,Inside,Yes
8,,Number,Yes,,2,13,133,Outside,Yes
8,,Letter,Yes,,2,5,125,Outside,Yes
8,,Symbol,Yes,,2,14,134,Outside,Yes
8,,Symbol,Yes,,2,10,130,Outside,Indifferent
8,,Number,Yes,,1,38,98,Inside,Yes
8,,Letter,Yes,,2,51,171,Inside,Yes
8,,Letter,Yes,,3,19,199,Outside,Indifferent
8,,Symbol,Yes,,2,44,164,Outside,Yes
8,,Symbol,Yes,,2,48,168,Outside,No
8,,Number,Yes,,1,29,89,Outside,Yes
8,,Letter,Yes,,2,0,120,Outside,Yes
8,,Symbol,Yes,,1,46,106,Inside,Yes
8,,Symbol,Yes,,2,38,158,Outside,Indifferent
8,,Letter,Yes,,1,8,68,Outside,Yes
8,,Letter,No,,4,57,297,Inside,Yes
8,,Symbol,Yes,,2,44,164,Outside,Indifferent
8,,Greek,Yes,,4,0,240,Outside,Indifferent
8,,Letter,Yes,,2,8,128,Outside,Indifferent
8,,Number,Yes,,4,22,262,No,No
8,,Symbol,Yes,,3,30,210,Outside,Indifferent
8,,Letter,No,,5,54,354,No,No
8,,Symbol,Yes,,2,10,130,Inside,Indifferent
8,,Greek,Yes,,5,41,341,No,Yes
8,,Greek,Yes,,2,57,177,Outside,Yes
8,,Letter,Yes,,4,25,265,Outside,Indifferent
8,,Symbol,Yes,,4,10,250,Outside,Indifferent
8,,Greek,Yes,,3,6,186,Outside,Indifferent
8,,Number,Yes,,1,9,69,Inside,Yes
8,,Symbol,Yes,,3,5,185,Outside,Yes
8,,Number,Yes,,2,15,135,Inside,Yes
8,,Letter,Yes,,2,0,120,Outside,Yes
8,,Letter,Yes,,1,41,101,Outside,Yes
8,,Number,Yes,,6,0,360,No,No
8,,Letter,Yes,,1,22,82,Inside,Yes
8,,Letter,No,,2,21,141,Outside,Indifferent
8,,Number,Yes,,1,54,114,Outside,Indifferent
8,,Letter,Yes,,3,30,210,Inside,Indifferent
8,,Letter,No,,3,26,206,Outside,Yes
8,,Number,Yes,,2,43,163,Outside,Yes
8,,Number,Yes,,2,20,140,Outside,Yes
8,,Letter,Yes,,1,27,87,Outside,Indifferent
